timeStamp;elapsed;label;responseCode;responseMessage;threadName;dataType;success;failureMessage;bytes;sentBytes;grpThreads;allThreads;URL;Latency;IdleTime;Connect
1,71978E+12;76;Prueba Carga Horas  registradas (GET);404;Not Found;Consulta de Hora Por ID 1-1;text;false;;306;155;3;3;http://localhost:5000/record/getHora/?id=6625b41278ccd1c959709ff6;76;0;2
1,71978E+12;72;Prueba Carga Horas  registradas (GET);404;Not Found;Consulta de Hora Por ID 1-2;text;false;;306;155;2;2;http://localhost:5000/record/getHora/?id=6625b41c78ccd1c959709ff9;72;0;3
1,71978E+12;70;Prueba Carga Horas  registradas (GET);404;Not Found;Consulta de Hora Por ID 1-3;text;false;;306;155;1;1;http://localhost:5000/record/getHora/?id=6625b42978ccd1c959709ffc;70;0;1
1,71978E+12;76;Prueba Carga Horas  registradas (GET);200;OK;Consulta de Hora Por ID 1-4;text;true;;483;155;2;2;http://localhost:5000/record/getHora/?id=6625bffc145a7c4bf9360bbf;76;0;0
1,71978E+12;75;Prueba Carga Horas  registradas (GET);200;OK;Consulta de Hora Por ID 1-5;text;true;;485;155;2;2;http://localhost:5000/record/getHora/?id=6625d9a32c2950f1cb827f98;75;0;0
1,71978E+12;74;Prueba Carga Horas  registradas (GET);404;Not Found;Consulta de Hora Por ID 1-6;text;false;;306;155;2;2;http://localhost:5000/record/getHora/?id=6625b41278ccd1c959709ff6;74;0;0
1,71978E+12;74;Prueba Carga Horas  registradas (GET);404;Not Found;Consulta de Hora Por ID 1-7;text;false;;306;155;2;2;http://localhost:5000/record/getHora/?id=6625b41c78ccd1c959709ff9;74;0;0
1,71978E+12;84;Prueba Carga Horas  registradas (GET);404;Not Found;Consulta de Hora Por ID 1-8;text;false;;306;155;1;1;http://localhost:5000/record/getHora/?id=6625b42978ccd1c959709ffc;84;0;1
1,71978E+12;76;Prueba Carga Horas  registradas (GET);200;OK;Consulta de Hora Por ID 1-10;text;true;;483;155;3;3;http://localhost:5000/record/getHora/?id=6625bffc145a7c4bf9360bbf;76;0;1
1,71978E+12;75;Prueba Carga Horas  registradas (GET);200;OK;Consulta de Hora Por ID 1-9;text;true;;485;155;2;2;http://localhost:5000/record/getHora/?id=6625d9a32c2950f1cb827f98;75;0;1
1,71978E+12;73;Prueba Carga Horas  registradas (GET);404;Not Found;Consulta de Hora Por ID 1-11;text;false;;306;155;2;2;http://localhost:5000/record/getHora/?id=6625b41278ccd1c959709ff6;73;0;0
1,71978E+12;73;Prueba Carga Horas  registradas (GET);404;Not Found;Consulta de Hora Por ID 1-12;text;false;;306;155;1;1;http://localhost:5000/record/getHora/?id=6625b41c78ccd1c959709ff9;73;0;1
1,71978E+12;71;Prueba Carga Horas  registradas (GET);404;Not Found;Consulta de Hora Por ID 1-13;text;false;;306;155;3;3;http://localhost:5000/record/getHora/?id=6625b42978ccd1c959709ffc;71;0;1
1,71978E+12;68;Prueba Carga Horas  registradas (GET);200;OK;Consulta de Hora Por ID 1-14;text;true;;483;155;2;2;http://localhost:5000/record/getHora/?id=6625bffc145a7c4bf9360bbf;68;0;1
1,71978E+12;70;Prueba Carga Horas  registradas (GET);200;OK;Consulta de Hora Por ID 1-15;text;true;;485;155;1;1;http://localhost:5000/record/getHora/?id=6625d9a32c2950f1cb827f98;70;0;1
1,71978E+12;73;Prueba Carga Horas  registradas (GET);404;Not Found;Consulta de Hora Por ID 1-16;text;false;;306;155;2;2;http://localhost:5000/record/getHora/?id=6625b41278ccd1c959709ff6;73;0;0
1,71978E+12;71;Prueba Carga Horas  registradas (GET);404;Not Found;Consulta de Hora Por ID 1-17;text;false;;306;155;2;2;http://localhost:5000/record/getHora/?id=6625b41c78ccd1c959709ff9;71;0;1
1,71978E+12;70;Prueba Carga Horas  registradas (GET);404;Not Found;Consulta de Hora Por ID 1-18;text;false;;306;155;2;2;http://localhost:5000/record/getHora/?id=6625b42978ccd1c959709ffc;70;0;1
1,71978E+12;71;Prueba Carga Horas  registradas (GET);200;OK;Consulta de Hora Por ID 1-19;text;true;;483;155;2;2;http://localhost:5000/record/getHora/?id=6625bffc145a7c4bf9360bbf;71;0;1
1,71978E+12;70;Prueba Carga Horas  registradas (GET);200;OK;Consulta de Hora Por ID 1-21;text;true;;485;155;2;2;http://localhost:5000/record/getHora/?id=6625d9a32c2950f1cb827f98;70;0;1
1,71978E+12;72;Prueba Carga Horas  registradas (GET);404;Not Found;Consulta de Hora Por ID 1-20;text;false;;306;155;1;1;http://localhost:5000/record/getHora/?id=6625b41278ccd1c959709ff6;72;0;0
1,71978E+12;67;Prueba Carga Horas  registradas (GET);404;Not Found;Consulta de Hora Por ID 1-22;text;false;;306;155;2;2;http://localhost:5000/record/getHora/?id=6625b41c78ccd1c959709ff9;67;0;1
1,71978E+12;71;Prueba Carga Horas  registradas (GET);404;Not Found;Consulta de Hora Por ID 1-23;text;false;;306;155;2;2;http://localhost:5000/record/getHora/?id=6625b42978ccd1c959709ffc;71;0;1
1,71978E+12;71;Prueba Carga Horas  registradas (GET);200;OK;Consulta de Hora Por ID 1-24;text;true;;483;155;2;2;http://localhost:5000/record/getHora/?id=6625bffc145a7c4bf9360bbf;71;0;1
1,71978E+12;71;Prueba Carga Horas  registradas (GET);200;OK;Consulta de Hora Por ID 1-25;text;true;;485;155;3;3;http://localhost:5000/record/getHora/?id=6625d9a32c2950f1cb827f98;71;0;1
1,71978E+12;70;Prueba Carga Horas  registradas (GET);404;Not Found;Consulta de Hora Por ID 1-26;text;false;;306;155;2;2;http://localhost:5000/record/getHora/?id=6625b41278ccd1c959709ff6;70;0;0
1,71978E+12;71;Prueba Carga Horas  registradas (GET);404;Not Found;Consulta de Hora Por ID 1-27;text;false;;306;155;1;1;http://localhost:5000/record/getHora/?id=6625b41c78ccd1c959709ff9;71;0;0
1,71978E+12;72;Prueba Carga Horas  registradas (GET);404;Not Found;Consulta de Hora Por ID 1-28;text;false;;306;155;2;2;http://localhost:5000/record/getHora/?id=6625b42978ccd1c959709ffc;72;0;1
1,71978E+12;71;Prueba Carga Horas  registradas (GET);200;OK;Consulta de Hora Por ID 1-29;text;true;;483;155;2;2;http://localhost:5000/record/getHora/?id=6625bffc145a7c4bf9360bbf;71;0;0
1,71978E+12;69;Prueba Carga Horas  registradas (GET);200;OK;Consulta de Hora Por ID 1-30;text;true;;485;155;2;2;http://localhost:5000/record/getHora/?id=6625d9a32c2950f1cb827f98;69;0;1
1,71978E+12;69;Prueba Carga Horas  registradas (GET);404;Not Found;Consulta de Hora Por ID 1-31;text;false;;306;155;2;2;http://localhost:5000/record/getHora/?id=6625b41278ccd1c959709ff6;69;0;0
1,71978E+12;70;Prueba Carga Horas  registradas (GET);404;Not Found;Consulta de Hora Por ID 1-32;text;false;;306;155;3;3;http://localhost:5000/record/getHora/?id=6625b41c78ccd1c959709ff9;70;0;0
1,71978E+12;61;Prueba Carga Horas  registradas (GET);404;Not Found;Consulta de Hora Por ID 1-33;text;false;;306;155;2;2;http://localhost:5000/record/getHora/?id=6625b42978ccd1c959709ffc;61;0;0
1,71978E+12;62;Prueba Carga Horas  registradas (GET);200;OK;Consulta de Hora Por ID 1-34;text;true;;483;155;1;1;http://localhost:5000/record/getHora/?id=6625bffc145a7c4bf9360bbf;62;0;1
1,71978E+12;70;Prueba Carga Horas  registradas (GET);200;OK;Consulta de Hora Por ID 1-35;text;true;;485;155;2;2;http://localhost:5000/record/getHora/?id=6625d9a32c2950f1cb827f98;70;0;1
1,71978E+12;70;Prueba Carga Horas  registradas (GET);404;Not Found;Consulta de Hora Por ID 1-36;text;false;;306;155;2;2;http://localhost:5000/record/getHora/?id=6625b41278ccd1c959709ff6;70;0;0
1,71978E+12;72;Prueba Carga Horas  registradas (GET);404;Not Found;Consulta de Hora Por ID 1-37;text;false;;306;155;3;3;http://localhost:5000/record/getHora/?id=6625b41c78ccd1c959709ff9;72;0;0
1,71978E+12;71;Prueba Carga Horas  registradas (GET);404;Not Found;Consulta de Hora Por ID 1-38;text;false;;306;155;2;2;http://localhost:5000/record/getHora/?id=6625b42978ccd1c959709ffc;71;0;0
1,71978E+12;71;Prueba Carga Horas  registradas (GET);200;OK;Consulta de Hora Por ID 1-39;text;true;;483;155;1;1;http://localhost:5000/record/getHora/?id=6625bffc145a7c4bf9360bbf;71;0;0
1,71978E+12;71;Prueba Carga Horas  registradas (GET);200;OK;Consulta de Hora Por ID 1-40;text;true;;485;155;2;2;http://localhost:5000/record/getHora/?id=6625d9a32c2950f1cb827f98;71;0;0
1,71978E+12;66;Prueba Carga Horas  registradas (GET);404;Not Found;Consulta de Hora Por ID 1-41;text;false;;306;155;2;2;http://localhost:5000/record/getHora/?id=6625b41278ccd1c959709ff6;66;0;0
1,71978E+12;76;Prueba Carga Horas  registradas (GET);404;Not Found;Consulta de Hora Por ID 1-42;text;false;;306;155;2;2;http://localhost:5000/record/getHora/?id=6625b41c78ccd1c959709ff9;76;0;1
1,71978E+12;69;Prueba Carga Horas  registradas (GET);404;Not Found;Consulta de Hora Por ID 1-43;text;false;;306;155;3;3;http://localhost:5000/record/getHora/?id=6625b42978ccd1c959709ffc;69;0;0
1,71978E+12;70;Prueba Carga Horas  registradas (GET);200;OK;Consulta de Hora Por ID 1-45;text;true;;483;155;2;2;http://localhost:5000/record/getHora/?id=6625bffc145a7c4bf9360bbf;70;0;1
1,71978E+12;69;Prueba Carga Horas  registradas (GET);200;OK;Consulta de Hora Por ID 1-44;text;true;;485;155;1;1;http://localhost:5000/record/getHora/?id=6625d9a32c2950f1cb827f98;69;0;1
1,71978E+12;75;Prueba Carga Horas  registradas (GET);404;Not Found;Consulta de Hora Por ID 1-46;text;false;;306;155;2;2;http://localhost:5000/record/getHora/?id=6625b41278ccd1c959709ff6;75;0;0
1,71978E+12;72;Prueba Carga Horas  registradas (GET);404;Not Found;Consulta de Hora Por ID 1-47;text;false;;306;155;2;2;http://localhost:5000/record/getHora/?id=6625b41c78ccd1c959709ff9;72;0;1
1,71978E+12;74;Prueba Carga Horas  registradas (GET);404;Not Found;Consulta de Hora Por ID 1-48;text;false;;306;155;2;2;http://localhost:5000/record/getHora/?id=6625b42978ccd1c959709ffc;74;0;0
1,71978E+12;74;Prueba Carga Horas  registradas (GET);200;OK;Consulta de Hora Por ID 1-49;text;true;;483;155;2;2;http://localhost:5000/record/getHora/?id=6625bffc145a7c4bf9360bbf;74;0;0
1,71978E+12;73;Prueba Carga Horas  registradas (GET);200;OK;Consulta de Hora Por ID 1-51;text;true;;485;155;2;2;http://localhost:5000/record/getHora/?id=6625d9a32c2950f1cb827f98;73;0;0
1,71978E+12;73;Prueba Carga Horas  registradas (GET);404;Not Found;Consulta de Hora Por ID 1-50;text;false;;306;155;1;1;http://localhost:5000/record/getHora/?id=6625b41278ccd1c959709ff6;73;0;0
1,71978E+12;73;Prueba Carga Horas  registradas (GET);404;Not Found;Consulta de Hora Por ID 1-52;text;false;;306;155;3;3;http://localhost:5000/record/getHora/?id=6625b41c78ccd1c959709ff9;73;0;1
1,71978E+12;70;Prueba Carga Horas  registradas (GET);404;Not Found;Consulta de Hora Por ID 1-54;text;false;;306;155;2;2;http://localhost:5000/record/getHora/?id=6625b42978ccd1c959709ffc;70;0;1
1,71978E+12;66;Prueba Carga Horas  registradas (GET);200;OK;Consulta de Hora Por ID 1-53;text;true;;483;155;1;1;http://localhost:5000/record/getHora/?id=6625bffc145a7c4bf9360bbf;66;0;1
1,71978E+12;72;Prueba Carga Horas  registradas (GET);200;OK;Consulta de Hora Por ID 1-55;text;true;;485;155;2;2;http://localhost:5000/record/getHora/?id=6625d9a32c2950f1cb827f98;72;0;1
1,71978E+12;72;Prueba Carga Horas  registradas (GET);404;Not Found;Consulta de Hora Por ID 1-56;text;false;;306;155;2;2;http://localhost:5000/record/getHora/?id=6625b41278ccd1c959709ff6;72;0;0
1,71978E+12;82;Prueba Carga Horas  registradas (GET);404;Not Found;Consulta de Hora Por ID 1-57;text;false;;306;155;2;2;http://localhost:5000/record/getHora/?id=6625b41c78ccd1c959709ff9;82;0;1
1,71978E+12;72;Prueba Carga Horas  registradas (GET);404;Not Found;Consulta de Hora Por ID 1-58;text;false;;306;155;2;2;http://localhost:5000/record/getHora/?id=6625b42978ccd1c959709ffc;72;0;1
1,71978E+12;72;Prueba Carga Horas  registradas (GET);200;OK;Consulta de Hora Por ID 1-59;text;true;;483;155;2;2;http://localhost:5000/record/getHora/?id=6625bffc145a7c4bf9360bbf;72;0;1
1,71978E+12;71;Prueba Carga Horas  registradas (GET);200;OK;Consulta de Hora Por ID 1-60;text;true;;485;155;3;3;http://localhost:5000/record/getHora/?id=6625d9a32c2950f1cb827f98;71;0;0
1,71978E+12;69;Prueba Carga Horas  registradas (GET);404;Not Found;Consulta de Hora Por ID 1-62;text;false;;306;155;2;2;http://localhost:5000/record/getHora/?id=6625b41278ccd1c959709ff6;69;0;1
1,71978E+12;65;Prueba Carga Horas  registradas (GET);404;Not Found;Consulta de Hora Por ID 1-61;text;false;;306;155;1;1;http://localhost:5000/record/getHora/?id=6625b41c78ccd1c959709ff9;65;0;1
1,71978E+12;72;Prueba Carga Horas  registradas (GET);404;Not Found;Consulta de Hora Por ID 1-63;text;false;;306;155;2;2;http://localhost:5000/record/getHora/?id=6625b42978ccd1c959709ffc;72;0;1
1,71978E+12;72;Prueba Carga Horas  registradas (GET);200;OK;Consulta de Hora Por ID 1-64;text;true;;483;155;2;2;http://localhost:5000/record/getHora/?id=6625bffc145a7c4bf9360bbf;72;0;1
1,71978E+12;71;Prueba Carga Horas  registradas (GET);200;OK;Consulta de Hora Por ID 1-65;text;true;;485;155;1;1;http://localhost:5000/record/getHora/?id=6625d9a32c2950f1cb827f98;71;0;1
1,71978E+12;69;Prueba Carga Horas  registradas (GET);404;Not Found;Consulta de Hora Por ID 1-66;text;false;;306;155;3;3;http://localhost:5000/record/getHora/?id=6625b41278ccd1c959709ff6;69;0;1
1,71978E+12;68;Prueba Carga Horas  registradas (GET);404;Not Found;Consulta de Hora Por ID 1-68;text;false;;306;155;2;2;http://localhost:5000/record/getHora/?id=6625b41c78ccd1c959709ff9;68;0;1
1,71978E+12;70;Prueba Carga Horas  registradas (GET);404;Not Found;Consulta de Hora Por ID 1-67;text;false;;306;155;1;1;http://localhost:5000/record/getHora/?id=6625b42978ccd1c959709ffc;70;0;1
1,71978E+12;71;Prueba Carga Horas  registradas (GET);200;OK;Consulta de Hora Por ID 1-69;text;true;;483;155;2;2;http://localhost:5000/record/getHora/?id=6625bffc145a7c4bf9360bbf;71;0;1
1,71978E+12;71;Prueba Carga Horas  registradas (GET);200;OK;Consulta de Hora Por ID 1-70;text;true;;485;155;2;2;http://localhost:5000/record/getHora/?id=6625d9a32c2950f1cb827f98;71;0;1
1,71978E+12;69;Prueba Carga Horas  registradas (GET);404;Not Found;Consulta de Hora Por ID 1-71;text;false;;306;155;2;2;http://localhost:5000/record/getHora/?id=6625b41278ccd1c959709ff6;69;0;1
1,71978E+12;70;Prueba Carga Horas  registradas (GET);404;Not Found;Consulta de Hora Por ID 1-72;text;false;;306;155;3;3;http://localhost:5000/record/getHora/?id=6625b41c78ccd1c959709ff9;70;0;1
1,71978E+12;76;Prueba Carga Horas  registradas (GET);404;Not Found;Consulta de Hora Por ID 1-74;text;false;;306;155;2;2;http://localhost:5000/record/getHora/?id=6625b42978ccd1c959709ffc;76;0;1
1,71978E+12;76;Prueba Carga Horas  registradas (GET);200;OK;Consulta de Hora Por ID 1-73;text;true;;483;155;1;1;http://localhost:5000/record/getHora/?id=6625bffc145a7c4bf9360bbf;76;0;0
1,71978E+12;84;Prueba Carga Horas  registradas (GET);200;OK;Consulta de Hora Por ID 1-75;text;true;;485;155;2;2;http://localhost:5000/record/getHora/?id=6625d9a32c2950f1cb827f98;84;0;1
1,71978E+12;70;Prueba Carga Horas  registradas (GET);404;Not Found;Consulta de Hora Por ID 1-76;text;false;;306;155;2;2;http://localhost:5000/record/getHora/?id=6625b41278ccd1c959709ff6;70;0;0
1,71978E+12;71;Prueba Carga Horas  registradas (GET);404;Not Found;Consulta de Hora Por ID 1-77;text;false;;306;155;2;2;http://localhost:5000/record/getHora/?id=6625b41c78ccd1c959709ff9;71;0;1
1,71978E+12;71;Prueba Carga Horas  registradas (GET);404;Not Found;Consulta de Hora Por ID 1-78;text;false;;306;155;3;3;http://localhost:5000/record/getHora/?id=6625b42978ccd1c959709ffc;71;0;1
1,71978E+12;70;Prueba Carga Horas  registradas (GET);200;OK;Consulta de Hora Por ID 1-80;text;true;;483;155;2;2;http://localhost:5000/record/getHora/?id=6625bffc145a7c4bf9360bbf;70;0;1
1,71978E+12;72;Prueba Carga Horas  registradas (GET);200;OK;Consulta de Hora Por ID 1-79;text;true;;485;155;1;1;http://localhost:5000/record/getHora/?id=6625d9a32c2950f1cb827f98;72;0;1
1,71978E+12;73;Prueba Carga Horas  registradas (GET);404;Not Found;Consulta de Hora Por ID 1-81;text;false;;306;155;2;2;http://localhost:5000/record/getHora/?id=6625b41278ccd1c959709ff6;73;0;0
1,71978E+12;75;Prueba Carga Horas  registradas (GET);404;Not Found;Consulta de Hora Por ID 1-82;text;false;;306;155;2;2;http://localhost:5000/record/getHora/?id=6625b41c78ccd1c959709ff9;75;0;1
1,71978E+12;73;Prueba Carga Horas  registradas (GET);404;Not Found;Consulta de Hora Por ID 1-83;text;false;;306;155;3;3;http://localhost:5000/record/getHora/?id=6625b42978ccd1c959709ffc;73;0;1
1,71978E+12;68;Prueba Carga Horas  registradas (GET);200;OK;Consulta de Hora Por ID 1-85;text;true;;483;155;2;2;http://localhost:5000/record/getHora/?id=6625bffc145a7c4bf9360bbf;68;0;1
1,71978E+12;76;Prueba Carga Horas  registradas (GET);200;OK;Consulta de Hora Por ID 1-84;text;true;;485;155;1;1;http://localhost:5000/record/getHora/?id=6625d9a32c2950f1cb827f98;76;0;1
1,71978E+12;73;Prueba Carga Horas  registradas (GET);404;Not Found;Consulta de Hora Por ID 1-86;text;false;;306;155;3;3;http://localhost:5000/record/getHora/?id=6625b41278ccd1c959709ff6;73;0;0
1,71978E+12;68;Prueba Carga Horas  registradas (GET);404;Not Found;Consulta de Hora Por ID 1-88;text;false;;306;155;2;2;http://localhost:5000/record/getHora/?id=6625b41c78ccd1c959709ff9;68;0;1
1,71978E+12;74;Prueba Carga Horas  registradas (GET);404;Not Found;Consulta de Hora Por ID 1-87;text;false;;306;155;1;1;http://localhost:5000/record/getHora/?id=6625b42978ccd1c959709ffc;74;0;1
1,71978E+12;75;Prueba Carga Horas  registradas (GET);200;OK;Consulta de Hora Por ID 1-89;text;true;;483;155;2;2;http://localhost:5000/record/getHora/?id=6625bffc145a7c4bf9360bbf;75;0;1
1,71978E+12;74;Prueba Carga Horas  registradas (GET);200;OK;Consulta de Hora Por ID 1-90;text;true;;485;155;3;3;http://localhost:5000/record/getHora/?id=6625d9a32c2950f1cb827f98;74;0;1
1,71978E+12;68;Prueba Carga Horas  registradas (GET);404;Not Found;Consulta de Hora Por ID 1-92;text;false;;306;155;2;2;http://localhost:5000/record/getHora/?id=6625b41278ccd1c959709ff6;68;0;0
1,71978E+12;74;Prueba Carga Horas  registradas (GET);404;Not Found;Consulta de Hora Por ID 1-91;text;false;;306;155;1;1;http://localhost:5000/record/getHora/?id=6625b41c78ccd1c959709ff9;74;0;1
1,71978E+12;76;Prueba Carga Horas  registradas (GET);404;Not Found;Consulta de Hora Por ID 1-93;text;false;;306;155;2;2;http://localhost:5000/record/getHora/?id=6625b42978ccd1c959709ffc;76;0;1
1,71978E+12;73;Prueba Carga Horas  registradas (GET);200;OK;Consulta de Hora Por ID 1-94;text;true;;483;155;2;2;http://localhost:5000/record/getHora/?id=6625bffc145a7c4bf9360bbf;73;0;1
1,71978E+12;76;Prueba Carga Horas  registradas (GET);200;OK;Consulta de Hora Por ID 1-95;text;true;;485;155;2;2;http://localhost:5000/record/getHora/?id=6625d9a32c2950f1cb827f98;76;0;1
1,71978E+12;75;Prueba Carga Horas  registradas (GET);404;Not Found;Consulta de Hora Por ID 1-96;text;false;;306;155;3;3;http://localhost:5000/record/getHora/?id=6625b41278ccd1c959709ff6;75;0;0
1,71978E+12;68;Prueba Carga Horas  registradas (GET);404;Not Found;Consulta de Hora Por ID 1-98;text;false;;306;155;2;2;http://localhost:5000/record/getHora/?id=6625b41c78ccd1c959709ff9;68;0;1
1,71978E+12;77;Prueba Carga Horas  registradas (GET);404;Not Found;Consulta de Hora Por ID 1-97;text;false;;306;155;1;1;http://localhost:5000/record/getHora/?id=6625b42978ccd1c959709ffc;77;0;1
1,71978E+12;70;Prueba Carga Horas  registradas (GET);200;OK;Consulta de Hora Por ID 1-99;text;true;;483;155;2;2;http://localhost:5000/record/getHora/?id=6625bffc145a7c4bf9360bbf;70;0;1
1,71978E+12;76;Prueba Carga Horas  registradas (GET);200;OK;Consulta de Hora Por ID 1-100;text;true;;485;155;2;2;http://localhost:5000/record/getHora/?id=6625d9a32c2950f1cb827f98;76;0;1
1,71978E+12;77;Prueba Carga Horas  registradas (GET);404;Not Found;Consulta de Hora Por ID 1-101;text;false;;306;155;3;3;http://localhost:5000/record/getHora/?id=6625b41278ccd1c959709ff6;77;0;1
1,71978E+12;73;Prueba Carga Horas  registradas (GET);404;Not Found;Consulta de Hora Por ID 1-103;text;false;;306;155;3;3;http://localhost:5000/record/getHora/?id=6625b41c78ccd1c959709ff9;73;0;1
1,71978E+12;66;Prueba Carga Horas  registradas (GET);404;Not Found;Consulta de Hora Por ID 1-102;text;false;;306;155;2;2;http://localhost:5000/record/getHora/?id=6625b42978ccd1c959709ffc;66;0;1
1,71978E+12;73;Prueba Carga Horas  registradas (GET);200;OK;Consulta de Hora Por ID 1-104;text;true;;483;155;2;2;http://localhost:5000/record/getHora/?id=6625bffc145a7c4bf9360bbf;73;0;1
1,71978E+12;77;Prueba Carga Horas  registradas (GET);200;OK;Consulta de Hora Por ID 1-105;text;true;;485;155;1;1;http://localhost:5000/record/getHora/?id=6625d9a32c2950f1cb827f98;77;0;0
1,71978E+12;68;Prueba Carga Horas  registradas (GET);404;Not Found;Consulta de Hora Por ID 1-107;text;false;;306;155;2;2;http://localhost:5000/record/getHora/?id=6625b41278ccd1c959709ff6;68;0;0
1,71978E+12;77;Prueba Carga Horas  registradas (GET);404;Not Found;Consulta de Hora Por ID 1-106;text;false;;306;155;1;1;http://localhost:5000/record/getHora/?id=6625b41c78ccd1c959709ff9;77;0;1
1,71978E+12;77;Prueba Carga Horas  registradas (GET);404;Not Found;Consulta de Hora Por ID 1-108;text;false;;306;155;2;2;http://localhost:5000/record/getHora/?id=6625b42978ccd1c959709ffc;77;0;1
1,71978E+12;69;Prueba Carga Horas  registradas (GET);200;OK;Consulta de Hora Por ID 1-109;text;true;;483;155;3;3;http://localhost:5000/record/getHora/?id=6625bffc145a7c4bf9360bbf;69;0;1
1,71978E+12;76;Prueba Carga Horas  registradas (GET);200;OK;Consulta de Hora Por ID 1-111;text;true;;485;155;2;2;http://localhost:5000/record/getHora/?id=6625d9a32c2950f1cb827f98;76;0;1
1,71978E+12;63;Prueba Carga Horas  registradas (GET);404;Not Found;Consulta de Hora Por ID 1-110;text;false;;306;155;1;1;http://localhost:5000/record/getHora/?id=6625b41278ccd1c959709ff6;63;0;0
1,71978E+12;67;Prueba Carga Horas  registradas (GET);404;Not Found;Consulta de Hora Por ID 1-112;text;false;;306;155;2;2;http://localhost:5000/record/getHora/?id=6625b41c78ccd1c959709ff9;67;0;1
1,71978E+12;78;Prueba Carga Horas  registradas (GET);404;Not Found;Consulta de Hora Por ID 1-113;text;false;;306;155;3;3;http://localhost:5000/record/getHora/?id=6625b42978ccd1c959709ffc;78;0;1
1,71978E+12;70;Prueba Carga Horas  registradas (GET);200;OK;Consulta de Hora Por ID 1-115;text;true;;483;155;2;2;http://localhost:5000/record/getHora/?id=6625bffc145a7c4bf9360bbf;70;0;1
1,71978E+12;68;Prueba Carga Horas  registradas (GET);200;OK;Consulta de Hora Por ID 1-114;text;true;;485;155;1;1;http://localhost:5000/record/getHora/?id=6625d9a32c2950f1cb827f98;68;0;1
1,71978E+12;75;Prueba Carga Horas  registradas (GET);404;Not Found;Consulta de Hora Por ID 1-116;text;false;;306;155;2;2;http://localhost:5000/record/getHora/?id=6625b41278ccd1c959709ff6;75;0;0
1,71978E+12;68;Prueba Carga Horas  registradas (GET);404;Not Found;Consulta de Hora Por ID 1-117;text;false;;306;155;2;2;http://localhost:5000/record/getHora/?id=6625b41c78ccd1c959709ff9;68;0;1
1,71978E+12;77;Prueba Carga Horas  registradas (GET);404;Not Found;Consulta de Hora Por ID 1-118;text;false;;306;155;2;2;http://localhost:5000/record/getHora/?id=6625b42978ccd1c959709ffc;77;0;1
1,71978E+12;77;Prueba Carga Horas  registradas (GET);200;OK;Consulta de Hora Por ID 1-119;text;true;;483;155;3;3;http://localhost:5000/record/getHora/?id=6625bffc145a7c4bf9360bbf;77;0;1
1,71978E+12;68;Prueba Carga Horas  registradas (GET);200;OK;Consulta de Hora Por ID 1-121;text;true;;485;155;2;2;http://localhost:5000/record/getHora/?id=6625d9a32c2950f1cb827f98;68;0;1
1,71978E+12;75;Prueba Carga Horas  registradas (GET);404;Not Found;Consulta de Hora Por ID 1-120;text;false;;306;155;1;1;http://localhost:5000/record/getHora/?id=6625b41278ccd1c959709ff6;75;0;0
1,71978E+12;76;Prueba Carga Horas  registradas (GET);404;Not Found;Consulta de Hora Por ID 1-122;text;false;;306;155;2;2;http://localhost:5000/record/getHora/?id=6625b41c78ccd1c959709ff9;76;0;1
1,71978E+12;76;Prueba Carga Horas  registradas (GET);404;Not Found;Consulta de Hora Por ID 1-123;text;false;;306;155;2;2;http://localhost:5000/record/getHora/?id=6625b42978ccd1c959709ffc;76;0;1
1,71978E+12;76;Prueba Carga Horas  registradas (GET);200;OK;Consulta de Hora Por ID 1-124;text;true;;483;155;2;2;http://localhost:5000/record/getHora/?id=6625bffc145a7c4bf9360bbf;76;0;1
1,71978E+12;68;Prueba Carga Horas  registradas (GET);200;OK;Consulta de Hora Por ID 1-125;text;true;;485;155;3;3;http://localhost:5000/record/getHora/?id=6625d9a32c2950f1cb827f98;68;0;1
1,71978E+12;75;Prueba Carga Horas  registradas (GET);404;Not Found;Consulta de Hora Por ID 1-127;text;false;;306;155;2;2;http://localhost:5000/record/getHora/?id=6625b41278ccd1c959709ff6;75;0;0
1,71978E+12;76;Prueba Carga Horas  registradas (GET);404;Not Found;Consulta de Hora Por ID 1-126;text;false;;306;155;1;1;http://localhost:5000/record/getHora/?id=6625b41c78ccd1c959709ff9;76;0;0
1,71978E+12;76;Prueba Carga Horas  registradas (GET);404;Not Found;Consulta de Hora Por ID 1-128;text;false;;306;155;2;2;http://localhost:5000/record/getHora/?id=6625b42978ccd1c959709ffc;76;0;1
1,71978E+12;78;Prueba Carga Horas  registradas (GET);200;OK;Consulta de Hora Por ID 1-129;text;true;;483;155;3;3;http://localhost:5000/record/getHora/?id=6625bffc145a7c4bf9360bbf;78;0;1
1,71978E+12;69;Prueba Carga Horas  registradas (GET);200;OK;Consulta de Hora Por ID 1-131;text;true;;485;155;2;2;http://localhost:5000/record/getHora/?id=6625d9a32c2950f1cb827f98;69;0;1
1,71978E+12;75;Prueba Carga Horas  registradas (GET);404;Not Found;Consulta de Hora Por ID 1-130;text;false;;306;155;1;1;http://localhost:5000/record/getHora/?id=6625b41278ccd1c959709ff6;75;0;0
1,71978E+12;69;Prueba Carga Horas  registradas (GET);404;Not Found;Consulta de Hora Por ID 1-132;text;false;;306;155;2;2;http://localhost:5000/record/getHora/?id=6625b41c78ccd1c959709ff9;69;0;1
1,71978E+12;75;Prueba Carga Horas  registradas (GET);404;Not Found;Consulta de Hora Por ID 1-133;text;false;;306;155;2;2;http://localhost:5000/record/getHora/?id=6625b42978ccd1c959709ffc;75;0;0
1,71978E+12;70;Prueba Carga Horas  registradas (GET);200;OK;Consulta de Hora Por ID 1-134;text;true;;483;155;3;3;http://localhost:5000/record/getHora/?id=6625bffc145a7c4bf9360bbf;70;0;1
1,71978E+12;69;Prueba Carga Horas  registradas (GET);200;OK;Consulta de Hora Por ID 1-136;text;true;;485;155;2;2;http://localhost:5000/record/getHora/?id=6625d9a32c2950f1cb827f98;69;0;1
1,71978E+12;77;Prueba Carga Horas  registradas (GET);404;Not Found;Consulta de Hora Por ID 1-135;text;false;;306;155;1;1;http://localhost:5000/record/getHora/?id=6625b41278ccd1c959709ff6;77;0;1
1,71978E+12;69;Prueba Carga Horas  registradas (GET);404;Not Found;Consulta de Hora Por ID 1-137;text;false;;306;155;2;2;http://localhost:5000/record/getHora/?id=6625b41c78ccd1c959709ff9;69;0;1
1,71978E+12;69;Prueba Carga Horas  registradas (GET);404;Not Found;Consulta de Hora Por ID 1-138;text;false;;306;155;2;2;http://localhost:5000/record/getHora/?id=6625b42978ccd1c959709ffc;69;0;1
1,71978E+12;70;Prueba Carga Horas  registradas (GET);200;OK;Consulta de Hora Por ID 1-139;text;true;;483;155;3;3;http://localhost:5000/record/getHora/?id=6625bffc145a7c4bf9360bbf;70;0;1
1,71978E+12;70;Prueba Carga Horas  registradas (GET);200;OK;Consulta de Hora Por ID 1-141;text;true;;485;155;3;3;http://localhost:5000/record/getHora/?id=6625d9a32c2950f1cb827f98;70;0;1
1,71978E+12;61;Prueba Carga Horas  registradas (GET);404;Not Found;Consulta de Hora Por ID 1-140;text;false;;306;155;2;2;http://localhost:5000/record/getHora/?id=6625b41278ccd1c959709ff6;61;0;1
1,71978E+12;72;Prueba Carga Horas  registradas (GET);404;Not Found;Consulta de Hora Por ID 1-142;text;false;;306;155;2;2;http://localhost:5000/record/getHora/?id=6625b41c78ccd1c959709ff9;72;0;1
1,71978E+12;69;Prueba Carga Horas  registradas (GET);404;Not Found;Consulta de Hora Por ID 1-143;text;false;;306;155;1;1;http://localhost:5000/record/getHora/?id=6625b42978ccd1c959709ffc;69;0;1
1,71978E+12;70;Prueba Carga Horas  registradas (GET);200;OK;Consulta de Hora Por ID 1-144;text;true;;483;155;2;2;http://localhost:5000/record/getHora/?id=6625bffc145a7c4bf9360bbf;70;0;1
1,71978E+12;70;Prueba Carga Horas  registradas (GET);200;OK;Consulta de Hora Por ID 1-145;text;true;;485;155;2;2;http://localhost:5000/record/getHora/?id=6625d9a32c2950f1cb827f98;70;0;1
1,71978E+12;69;Prueba Carga Horas  registradas (GET);404;Not Found;Consulta de Hora Por ID 1-146;text;false;;306;155;2;2;http://localhost:5000/record/getHora/?id=6625b41278ccd1c959709ff6;69;0;1
1,71978E+12;71;Prueba Carga Horas  registradas (GET);404;Not Found;Consulta de Hora Por ID 1-147;text;false;;306;155;3;3;http://localhost:5000/record/getHora/?id=6625b41c78ccd1c959709ff9;71;0;1
1,71978E+12;74;Prueba Carga Horas  registradas (GET);404;Not Found;Consulta de Hora Por ID 1-149;text;false;;306;155;3;3;http://localhost:5000/record/getHora/?id=6625b42978ccd1c959709ffc;74;0;1
1,71978E+12;61;Prueba Carga Horas  registradas (GET);200;OK;Consulta de Hora Por ID 1-148;text;true;;483;155;2;2;http://localhost:5000/record/getHora/?id=6625bffc145a7c4bf9360bbf;61;0;1
1,71978E+12;69;Prueba Carga Horas  registradas (GET);200;OK;Consulta de Hora Por ID 1-150;text;true;;485;155;2;2;http://localhost:5000/record/getHora/?id=6625d9a32c2950f1cb827f98;69;0;1
1,71978E+12;68;Prueba Carga Horas  registradas (GET);404;Not Found;Consulta de Hora Por ID 1-151;text;false;;306;155;1;1;http://localhost:5000/record/getHora/?id=6625b41278ccd1c959709ff6;68;0;1
1,71978E+12;70;Prueba Carga Horas  registradas (GET);404;Not Found;Consulta de Hora Por ID 1-152;text;false;;306;155;2;2;http://localhost:5000/record/getHora/?id=6625b41c78ccd1c959709ff9;70;0;1
1,71978E+12;72;Prueba Carga Horas  registradas (GET);404;Not Found;Consulta de Hora Por ID 1-153;text;false;;306;155;2;2;http://localhost:5000/record/getHora/?id=6625b42978ccd1c959709ffc;72;0;1
1,71978E+12;72;Prueba Carga Horas  registradas (GET);200;OK;Consulta de Hora Por ID 1-154;text;true;;483;155;2;2;http://localhost:5000/record/getHora/?id=6625bffc145a7c4bf9360bbf;72;0;1
1,71978E+12;72;Prueba Carga Horas  registradas (GET);200;OK;Consulta de Hora Por ID 1-155;text;true;;485;155;2;2;http://localhost:5000/record/getHora/?id=6625d9a32c2950f1cb827f98;72;0;1
1,71978E+12;70;Prueba Carga Horas  registradas (GET);404;Not Found;Consulta de Hora Por ID 1-156;text;false;;306;155;2;2;http://localhost:5000/record/getHora/?id=6625b41278ccd1c959709ff6;70;0;1
1,71978E+12;71;Prueba Carga Horas  registradas (GET);404;Not Found;Consulta de Hora Por ID 1-157;text;false;;306;155;2;2;http://localhost:5000/record/getHora/?id=6625b41c78ccd1c959709ff9;71;0;1
1,71978E+12;70;Prueba Carga Horas  registradas (GET);404;Not Found;Consulta de Hora Por ID 1-158;text;false;;306;155;2;2;http://localhost:5000/record/getHora/?id=6625b42978ccd1c959709ffc;70;0;1
1,71978E+12;79;Prueba Carga Horas  registradas (GET);200;OK;Consulta de Hora Por ID 1-159;text;true;;483;155;2;2;http://localhost:5000/record/getHora/?id=6625bffc145a7c4bf9360bbf;79;0;1
1,71978E+12;73;Prueba Carga Horas  registradas (GET);200;OK;Consulta de Hora Por ID 1-160;text;true;;485;155;2;2;http://localhost:5000/record/getHora/?id=6625d9a32c2950f1cb827f98;73;0;1
1,71978E+12;73;Prueba Carga Horas  registradas (GET);404;Not Found;Consulta de Hora Por ID 1-161;text;false;;306;155;2;2;http://localhost:5000/record/getHora/?id=6625b41278ccd1c959709ff6;73;0;1
1,71978E+12;73;Prueba Carga Horas  registradas (GET);404;Not Found;Consulta de Hora Por ID 1-162;text;false;;306;155;2;2;http://localhost:5000/record/getHora/?id=6625b41c78ccd1c959709ff9;73;0;1
1,71978E+12;74;Prueba Carga Horas  registradas (GET);404;Not Found;Consulta de Hora Por ID 1-163;text;false;;306;155;2;2;http://localhost:5000/record/getHora/?id=6625b42978ccd1c959709ffc;74;0;1
1,71978E+12;105;Prueba Carga Horas  registradas (GET);200;OK;Consulta de Hora Por ID 1-164;text;true;;483;155;2;2;http://localhost:5000/record/getHora/?id=6625bffc145a7c4bf9360bbf;105;0;1
1,71978E+12;73;Prueba Carga Horas  registradas (GET);200;OK;Consulta de Hora Por ID 1-165;text;true;;485;155;2;2;http://localhost:5000/record/getHora/?id=6625d9a32c2950f1cb827f98;73;0;0
1,71978E+12;75;Prueba Carga Horas  registradas (GET);404;Not Found;Consulta de Hora Por ID 1-166;text;false;;306;155;3;3;http://localhost:5000/record/getHora/?id=6625b41278ccd1c959709ff6;75;0;1
1,71978E+12;76;Prueba Carga Horas  registradas (GET);404;Not Found;Consulta de Hora Por ID 1-168;text;false;;306;155;2;2;http://localhost:5000/record/getHora/?id=6625b41c78ccd1c959709ff9;76;0;1
1,71978E+12;67;Prueba Carga Horas  registradas (GET);404;Not Found;Consulta de Hora Por ID 1-167;text;false;;306;155;1;1;http://localhost:5000/record/getHora/?id=6625b42978ccd1c959709ffc;67;0;1
1,71978E+12;76;Prueba Carga Horas  registradas (GET);200;OK;Consulta de Hora Por ID 1-170;text;true;;483;155;3;3;http://localhost:5000/record/getHora/?id=6625bffc145a7c4bf9360bbf;76;0;1
1,71978E+12;66;Prueba Carga Horas  registradas (GET);200;OK;Consulta de Hora Por ID 1-169;text;true;;485;155;2;2;http://localhost:5000/record/getHora/?id=6625d9a32c2950f1cb827f98;66;0;1
1,71978E+12;76;Prueba Carga Horas  registradas (GET);404;Not Found;Consulta de Hora Por ID 1-171;text;false;;306;155;2;2;http://localhost:5000/record/getHora/?id=6625b41278ccd1c959709ff6;76;0;0
1,71978E+12;75;Prueba Carga Horas  registradas (GET);404;Not Found;Consulta de Hora Por ID 1-172;text;false;;306;155;2;2;http://localhost:5000/record/getHora/?id=6625b41c78ccd1c959709ff9;75;0;1
1,71978E+12;75;Prueba Carga Horas  registradas (GET);404;Not Found;Consulta de Hora Por ID 1-173;text;false;;306;155;1;1;http://localhost:5000/record/getHora/?id=6625b42978ccd1c959709ffc;75;0;1
1,71978E+12;76;Prueba Carga Horas  registradas (GET);200;OK;Consulta de Hora Por ID 1-174;text;true;;483;155;3;3;http://localhost:5000/record/getHora/?id=6625bffc145a7c4bf9360bbf;76;0;1
1,71978E+12;76;Prueba Carga Horas  registradas (GET);200;OK;Consulta de Hora Por ID 1-176;text;true;;485;155;3;3;http://localhost:5000/record/getHora/?id=6625d9a32c2950f1cb827f98;76;0;1
1,71978E+12;68;Prueba Carga Horas  registradas (GET);404;Not Found;Consulta de Hora Por ID 1-175;text;false;;306;155;2;2;http://localhost:5000/record/getHora/?id=6625b41278ccd1c959709ff6;68;0;0
1,71978E+12;67;Prueba Carga Horas  registradas (GET);404;Not Found;Consulta de Hora Por ID 1-177;text;false;;306;155;1;1;http://localhost:5000/record/getHora/?id=6625b41c78ccd1c959709ff9;67;0;1
1,71978E+12;67;Prueba Carga Horas  registradas (GET);404;Not Found;Consulta de Hora Por ID 1-178;text;false;;306;155;2;2;http://localhost:5000/record/getHora/?id=6625b42978ccd1c959709ffc;67;0;1
1,71978E+12;67;Prueba Carga Horas  registradas (GET);200;OK;Consulta de Hora Por ID 1-179;text;true;;483;155;3;3;http://localhost:5000/record/getHora/?id=6625bffc145a7c4bf9360bbf;67;0;1
1,71978E+12;76;Prueba Carga Horas  registradas (GET);200;OK;Consulta de Hora Por ID 1-181;text;true;;485;155;3;3;http://localhost:5000/record/getHora/?id=6625d9a32c2950f1cb827f98;76;0;1
1,71978E+12;69;Prueba Carga Horas  registradas (GET);404;Not Found;Consulta de Hora Por ID 1-180;text;false;;306;155;2;2;http://localhost:5000/record/getHora/?id=6625b41278ccd1c959709ff6;69;0;0
1,71978E+12;67;Prueba Carga Horas  registradas (GET);404;Not Found;Consulta de Hora Por ID 1-182;text;false;;306;155;1;1;http://localhost:5000/record/getHora/?id=6625b41c78ccd1c959709ff9;67;0;1
1,71978E+12;66;Prueba Carga Horas  registradas (GET);200;OK;Consulta de Hora Por ID 1-183;text;true;;483;155;2;2;http://localhost:5000/record/getHora/?id=6625bffc145a7c4bf9360bbf;66;0;1
1,71978E+12;73;Prueba Carga Horas  registradas (GET);404;Not Found;Consulta de Hora Por ID 1-184;text;false;;306;155;2;2;http://localhost:5000/record/getHora/?id=6625b42978ccd1c959709ffc;73;0;1
1,71978E+12;77;Prueba Carga Horas  registradas (GET);200;OK;Consulta de Hora Por ID 1-186;text;true;;485;155;3;3;http://localhost:5000/record/getHora/?id=6625d9a32c2950f1cb827f98;77;0;1
1,71978E+12;69;Prueba Carga Horas  registradas (GET);404;Not Found;Consulta de Hora Por ID 1-185;text;false;;306;155;2;2;http://localhost:5000/record/getHora/?id=6625b41278ccd1c959709ff6;69;0;1
1,71978E+12;75;Prueba Carga Horas  registradas (GET);404;Not Found;Consulta de Hora Por ID 1-187;text;false;;306;155;2;2;http://localhost:5000/record/getHora/?id=6625b41c78ccd1c959709ff9;75;0;1
1,71978E+12;66;Prueba Carga Horas  registradas (GET);404;Not Found;Consulta de Hora Por ID 1-188;text;false;;306;155;1;1;http://localhost:5000/record/getHora/?id=6625b42978ccd1c959709ffc;66;0;0
1,71978E+12;76;Prueba Carga Horas  registradas (GET);200;OK;Consulta de Hora Por ID 1-190;text;true;;483;155;3;3;http://localhost:5000/record/getHora/?id=6625bffc145a7c4bf9360bbf;76;0;1
1,71978E+12;68;Prueba Carga Horas  registradas (GET);200;OK;Consulta de Hora Por ID 1-189;text;true;;485;155;2;2;http://localhost:5000/record/getHora/?id=6625d9a32c2950f1cb827f98;68;0;2
1,71978E+12;76;Prueba Carga Horas  registradas (GET);404;Not Found;Consulta de Hora Por ID 1-191;text;false;;306;155;2;2;http://localhost:5000/record/getHora/?id=6625b41278ccd1c959709ff6;76;0;0
1,71978E+12;78;Prueba Carga Horas  registradas (GET);404;Not Found;Consulta de Hora Por ID 1-192;text;false;;306;155;1;1;http://localhost:5000/record/getHora/?id=6625b41c78ccd1c959709ff9;78;0;1
1,71978E+12;76;Prueba Carga Horas  registradas (GET);404;Not Found;Consulta de Hora Por ID 1-194;text;false;;306;155;2;2;http://localhost:5000/record/getHora/?id=6625b42978ccd1c959709ffc;76;0;1
1,71978E+12;71;Prueba Carga Horas  registradas (GET);200;OK;Consulta de Hora Por ID 1-193;text;true;;483;155;1;1;http://localhost:5000/record/getHora/?id=6625bffc145a7c4bf9360bbf;71;0;1
1,71978E+12;69;Prueba Carga Horas  registradas (GET);200;OK;Consulta de Hora Por ID 1-195;text;true;;485;155;2;2;http://localhost:5000/record/getHora/?id=6625d9a32c2950f1cb827f98;68;0;1
1,71978E+12;68;Prueba Carga Horas  registradas (GET);404;Not Found;Consulta de Hora Por ID 1-196;text;false;;306;155;3;3;http://localhost:5000/record/getHora/?id=6625b41278ccd1c959709ff6;68;0;0
1,71978E+12;77;Prueba Carga Horas  registradas (GET);404;Not Found;Consulta de Hora Por ID 1-198;text;false;;306;155;2;2;http://localhost:5000/record/getHora/?id=6625b41c78ccd1c959709ff9;77;0;1
1,71978E+12;71;Prueba Carga Horas  registradas (GET);404;Not Found;Consulta de Hora Por ID 1-197;text;false;;306;155;1;1;http://localhost:5000/record/getHora/?id=6625b42978ccd1c959709ffc;71;0;1
1,71978E+12;76;Prueba Carga Horas  registradas (GET);200;OK;Consulta de Hora Por ID 1-200;text;true;;483;155;3;3;http://localhost:5000/record/getHora/?id=6625bffc145a7c4bf9360bbf;76;0;1
1,71978E+12;70;Prueba Carga Horas  registradas (GET);200;OK;Consulta de Hora Por ID 1-199;text;true;;485;155;2;2;http://localhost:5000/record/getHora/?id=6625d9a32c2950f1cb827f98;70;0;1
1,71978E+12;75;Prueba Carga Horas  registradas (GET);404;Not Found;Consulta de Hora Por ID 1-201;text;false;;306;155;2;2;http://localhost:5000/record/getHora/?id=6625b41278ccd1c959709ff6;75;0;0
1,71978E+12;76;Prueba Carga Horas  registradas (GET);404;Not Found;Consulta de Hora Por ID 1-202;text;false;;306;155;1;1;http://localhost:5000/record/getHora/?id=6625b41c78ccd1c959709ff9;76;0;1
1,71978E+12;76;Prueba Carga Horas  registradas (GET);404;Not Found;Consulta de Hora Por ID 1-204;text;false;;306;155;3;3;http://localhost:5000/record/getHora/?id=6625b42978ccd1c959709ffc;76;0;1
1,71978E+12;72;Prueba Carga Horas  registradas (GET);200;OK;Consulta de Hora Por ID 1-203;text;true;;483;155;2;2;http://localhost:5000/record/getHora/?id=6625bffc145a7c4bf9360bbf;72;0;1
1,71978E+12;68;Prueba Carga Horas  registradas (GET);200;OK;Consulta de Hora Por ID 1-205;text;true;;485;155;2;2;http://localhost:5000/record/getHora/?id=6625d9a32c2950f1cb827f98;68;0;1
1,71978E+12;67;Prueba Carga Horas  registradas (GET);404;Not Found;Consulta de Hora Por ID 1-206;text;false;;306;155;1;1;http://localhost:5000/record/getHora/?id=6625b41278ccd1c959709ff6;67;0;0
1,71978E+12;67;Prueba Carga Horas  registradas (GET);404;Not Found;Consulta de Hora Por ID 1-208;text;false;;306;155;3;3;http://localhost:5000/record/getHora/?id=6625b41c78ccd1c959709ff9;67;0;1
1,71978E+12;62;Prueba Carga Horas  registradas (GET);404;Not Found;Consulta de Hora Por ID 1-207;text;false;;306;155;2;2;http://localhost:5000/record/getHora/?id=6625b42978ccd1c959709ffc;62;0;1
1,71978E+12;78;Prueba Carga Horas  registradas (GET);200;OK;Consulta de Hora Por ID 1-209;text;true;;483;155;1;1;http://localhost:5000/record/getHora/?id=6625bffc145a7c4bf9360bbf;78;0;1
1,71978E+12;77;Prueba Carga Horas  registradas (GET);200;OK;Consulta de Hora Por ID 1-211;text;true;;485;155;2;2;http://localhost:5000/record/getHora/?id=6625d9a32c2950f1cb827f98;77;0;1
1,71978E+12;72;Prueba Carga Horas  registradas (GET);404;Not Found;Consulta de Hora Por ID 1-210;text;false;;306;155;1;1;http://localhost:5000/record/getHora/?id=6625b41278ccd1c959709ff6;72;0;1
1,71978E+12;67;Prueba Carga Horas  registradas (GET);404;Not Found;Consulta de Hora Por ID 1-213;text;false;;306;155;3;3;http://localhost:5000/record/getHora/?id=6625b41c78ccd1c959709ff9;67;0;1
1,71978E+12;62;Prueba Carga Horas  registradas (GET);404;Not Found;Consulta de Hora Por ID 1-212;text;false;;306;155;2;2;http://localhost:5000/record/getHora/?id=6625b42978ccd1c959709ffc;62;0;1
1,71978E+12;77;Prueba Carga Horas  registradas (GET);200;OK;Consulta de Hora Por ID 1-214;text;true;;483;155;1;1;http://localhost:5000/record/getHora/?id=6625bffc145a7c4bf9360bbf;77;0;1
1,71978E+12;67;Prueba Carga Horas  registradas (GET);200;OK;Consulta de Hora Por ID 1-216;text;true;;485;155;3;3;http://localhost:5000/record/getHora/?id=6625d9a32c2950f1cb827f98;67;0;1
1,71978E+12;62;Prueba Carga Horas  registradas (GET);404;Not Found;Consulta de Hora Por ID 1-215;text;false;;306;155;2;2;http://localhost:5000/record/getHora/?id=6625b41278ccd1c959709ff6;62;0;1
1,71978E+12;67;Prueba Carga Horas  registradas (GET);404;Not Found;Consulta de Hora Por ID 1-217;text;false;;306;155;2;2;http://localhost:5000/record/getHora/?id=6625b41c78ccd1c959709ff9;67;0;1
1,71978E+12;76;Prueba Carga Horas  registradas (GET);404;Not Found;Consulta de Hora Por ID 1-218;text;false;;306;155;2;2;http://localhost:5000/record/getHora/?id=6625b42978ccd1c959709ffc;76;0;1
1,71978E+12;76;Prueba Carga Horas  registradas (GET);200;OK;Consulta de Hora Por ID 1-219;text;true;;483;155;1;1;http://localhost:5000/record/getHora/?id=6625bffc145a7c4bf9360bbf;76;0;1
1,71978E+12;67;Prueba Carga Horas  registradas (GET);200;OK;Consulta de Hora Por ID 1-221;text;true;;485;155;2;2;http://localhost:5000/record/getHora/?id=6625d9a32c2950f1cb827f98;67;0;1
1,71978E+12;65;Prueba Carga Horas  registradas (GET);404;Not Found;Consulta de Hora Por ID 1-220;text;false;;306;155;1;1;http://localhost:5000/record/getHora/?id=6625b41278ccd1c959709ff6;65;0;0
1,71978E+12;77;Prueba Carga Horas  registradas (GET);404;Not Found;Consulta de Hora Por ID 1-223;text;false;;306;155;3;3;http://localhost:5000/record/getHora/?id=6625b41c78ccd1c959709ff9;77;0;1
1,71978E+12;75;Prueba Carga Horas  registradas (GET);404;Not Found;Consulta de Hora Por ID 1-222;text;false;;306;155;2;2;http://localhost:5000/record/getHora/?id=6625b42978ccd1c959709ffc;75;0;1
1,71978E+12;77;Prueba Carga Horas  registradas (GET);200;OK;Consulta de Hora Por ID 1-224;text;true;;483;155;1;1;http://localhost:5000/record/getHora/?id=6625bffc145a7c4bf9360bbf;77;0;1
1,71978E+12;76;Prueba Carga Horas  registradas (GET);200;OK;Consulta de Hora Por ID 1-226;text;true;;485;155;2;2;http://localhost:5000/record/getHora/?id=6625d9a32c2950f1cb827f98;76;0;1
1,71978E+12;72;Prueba Carga Horas  registradas (GET);404;Not Found;Consulta de Hora Por ID 1-225;text;false;;306;155;1;1;http://localhost:5000/record/getHora/?id=6625b41278ccd1c959709ff6;72;0;1
1,71978E+12;77;Prueba Carga Horas  registradas (GET);404;Not Found;Consulta de Hora Por ID 1-228;text;false;;306;155;3;3;http://localhost:5000/record/getHora/?id=6625b41c78ccd1c959709ff9;77;0;1
1,71978E+12;79;Prueba Carga Horas  registradas (GET);404;Not Found;Consulta de Hora Por ID 1-227;text;false;;306;155;2;2;http://localhost:5000/record/getHora/?id=6625b42978ccd1c959709ffc;79;0;1
1,71978E+12;75;Prueba Carga Horas  registradas (GET);200;OK;Consulta de Hora Por ID 1-229;text;true;;483;155;2;2;http://localhost:5000/record/getHora/?id=6625bffc145a7c4bf9360bbf;75;0;1
1,71978E+12;76;Prueba Carga Horas  registradas (GET);200;OK;Consulta de Hora Por ID 1-230;text;true;;485;155;1;1;http://localhost:5000/record/getHora/?id=6625d9a32c2950f1cb827f98;76;0;1
1,71978E+12;70;Prueba Carga Horas  registradas (GET);404;Not Found;Consulta de Hora Por ID 1-232;text;false;;306;155;3;3;http://localhost:5000/record/getHora/?id=6625b41278ccd1c959709ff6;70;0;1
1,71978E+12;74;Prueba Carga Horas  registradas (GET);404;Not Found;Consulta de Hora Por ID 1-231;text;false;;306;155;2;2;http://localhost:5000/record/getHora/?id=6625b41c78ccd1c959709ff9;74;0;1
1,71978E+12;76;Prueba Carga Horas  registradas (GET);404;Not Found;Consulta de Hora Por ID 1-233;text;false;;306;155;1;1;http://localhost:5000/record/getHora/?id=6625b42978ccd1c959709ffc;76;0;1
1,71978E+12;76;Prueba Carga Horas  registradas (GET);200;OK;Consulta de Hora Por ID 1-235;text;true;;483;155;2;2;http://localhost:5000/record/getHora/?id=6625bffc145a7c4bf9360bbf;76;0;1
1,71978E+12;76;Prueba Carga Horas  registradas (GET);200;OK;Consulta de Hora Por ID 1-234;text;true;;485;155;1;1;http://localhost:5000/record/getHora/?id=6625d9a32c2950f1cb827f98;76;0;1
1,71978E+12;74;Prueba Carga Horas  registradas (GET);404;Not Found;Consulta de Hora Por ID 1-236;text;false;;306;155;2;2;http://localhost:5000/record/getHora/?id=6625b41278ccd1c959709ff6;74;0;1
1,71978E+12;75;Prueba Carga Horas  registradas (GET);404;Not Found;Consulta de Hora Por ID 1-237;text;false;;306;155;3;3;http://localhost:5000/record/getHora/?id=6625b41c78ccd1c959709ff9;75;0;1
1,71978E+12;75;Prueba Carga Horas  registradas (GET);404;Not Found;Consulta de Hora Por ID 1-239;text;false;;306;155;3;3;http://localhost:5000/record/getHora/?id=6625b42978ccd1c959709ffc;74;0;1
1,71978E+12;74;Prueba Carga Horas  registradas (GET);200;OK;Consulta de Hora Por ID 1-238;text;true;;483;155;2;2;http://localhost:5000/record/getHora/?id=6625bffc145a7c4bf9360bbf;74;0;1
1,71978E+12;65;Prueba Carga Horas  registradas (GET);200;OK;Consulta de Hora Por ID 1-240;text;true;;485;155;1;1;http://localhost:5000/record/getHora/?id=6625d9a32c2950f1cb827f98;65;0;1
1,71978E+12;75;Prueba Carga Horas  registradas (GET);404;Not Found;Consulta de Hora Por ID 1-242;text;false;;306;155;3;3;http://localhost:5000/record/getHora/?id=6625b41278ccd1c959709ff6;75;0;0
1,71978E+12;76;Prueba Carga Horas  registradas (GET);404;Not Found;Consulta de Hora Por ID 1-241;text;false;;306;155;2;2;http://localhost:5000/record/getHora/?id=6625b41c78ccd1c959709ff9;76;0;1
1,71978E+12;76;Prueba Carga Horas  registradas (GET);404;Not Found;Consulta de Hora Por ID 1-243;text;false;;306;155;1;1;http://localhost:5000/record/getHora/?id=6625b42978ccd1c959709ffc;76;0;1
1,71978E+12;76;Prueba Carga Horas  registradas (GET);200;OK;Consulta de Hora Por ID 1-244;text;true;;483;155;3;3;http://localhost:5000/record/getHora/?id=6625bffc145a7c4bf9360bbf;76;0;1
1,71978E+12;74;Prueba Carga Horas  registradas (GET);404;Not Found;Consulta de Hora Por ID 1-245;text;false;;306;155;3;3;http://localhost:5000/record/getHora/?id=6625b41278ccd1c959709ff6;74;0;1
1,71978E+12;77;Prueba Carga Horas  registradas (GET);200;OK;Consulta de Hora Por ID 1-246;text;true;;485;155;2;2;http://localhost:5000/record/getHora/?id=6625d9a32c2950f1cb827f98;77;0;1
1,71978E+12;75;Prueba Carga Horas  registradas (GET);404;Not Found;Consulta de Hora Por ID 1-247;text;false;;306;155;2;2;http://localhost:5000/record/getHora/?id=6625b41c78ccd1c959709ff9;75;0;1
1,71978E+12;75;Prueba Carga Horas  registradas (GET);404;Not Found;Consulta de Hora Por ID 1-248;text;false;;306;155;1;1;http://localhost:5000/record/getHora/?id=6625b42978ccd1c959709ffc;75;0;1
1,71978E+12;76;Prueba Carga Horas  registradas (GET);200;OK;Consulta de Hora Por ID 1-249;text;true;;483;155;3;3;http://localhost:5000/record/getHora/?id=6625bffc145a7c4bf9360bbf;76;0;1
1,71978E+12;69;Prueba Carga Horas  registradas (GET);200;OK;Consulta de Hora Por ID 1-251;text;true;;485;155;3;3;http://localhost:5000/record/getHora/?id=6625d9a32c2950f1cb827f98;69;0;1
1,71978E+12;66;Prueba Carga Horas  registradas (GET);404;Not Found;Consulta de Hora Por ID 1-250;text;false;;306;155;3;3;http://localhost:5000/record/getHora/?id=6625b41278ccd1c959709ff6;66;0;1
1,71978E+12;75;Prueba Carga Horas  registradas (GET);404;Not Found;Consulta de Hora Por ID 1-252;text;false;;306;155;2;2;http://localhost:5000/record/getHora/?id=6625b41c78ccd1c959709ff9;75;0;1
1,71978E+12;67;Prueba Carga Horas  registradas (GET);404;Not Found;Consulta de Hora Por ID 1-253;text;false;;306;155;1;1;http://localhost:5000/record/getHora/?id=6625b42978ccd1c959709ffc;67;0;1
1,71978E+12;77;Prueba Carga Horas  registradas (GET);200;OK;Consulta de Hora Por ID 1-254;text;true;;483;155;3;3;http://localhost:5000/record/getHora/?id=6625bffc145a7c4bf9360bbf;77;0;1
1,71978E+12;79;Prueba Carga Horas  registradas (GET);200;OK;Consulta de Hora Por ID 1-255;text;true;;485;155;2;2;http://localhost:5000/record/getHora/?id=6625d9a32c2950f1cb827f98;79;0;1
1,71978E+12;75;Prueba Carga Horas  registradas (GET);404;Not Found;Consulta de Hora Por ID 1-256;text;false;;306;155;2;2;http://localhost:5000/record/getHora/?id=6625b41278ccd1c959709ff6;75;0;1
1,71978E+12;75;Prueba Carga Horas  registradas (GET);404;Not Found;Consulta de Hora Por ID 1-257;text;false;;306;155;1;1;http://localhost:5000/record/getHora/?id=6625b41c78ccd1c959709ff9;75;0;1
1,71978E+12;76;Prueba Carga Horas  registradas (GET);404;Not Found;Consulta de Hora Por ID 1-258;text;false;;306;155;3;3;http://localhost:5000/record/getHora/?id=6625b42978ccd1c959709ffc;76;0;1
1,71978E+12;68;Prueba Carga Horas  registradas (GET);200;OK;Consulta de Hora Por ID 1-259;text;true;;483;155;3;3;http://localhost:5000/record/getHora/?id=6625bffc145a7c4bf9360bbf;68;0;1
1,71978E+12;68;Prueba Carga Horas  registradas (GET);200;OK;Consulta de Hora Por ID 1-260;text;true;;485;155;2;2;http://localhost:5000/record/getHora/?id=6625d9a32c2950f1cb827f98;68;0;1
1,71978E+12;75;Prueba Carga Horas  registradas (GET);404;Not Found;Consulta de Hora Por ID 1-261;text;false;;306;155;2;2;http://localhost:5000/record/getHora/?id=6625b41278ccd1c959709ff6;75;0;0
1,71978E+12;75;Prueba Carga Horas  registradas (GET);404;Not Found;Consulta de Hora Por ID 1-262;text;false;;306;155;2;2;http://localhost:5000/record/getHora/?id=6625b41c78ccd1c959709ff9;75;0;1
1,71978E+12;74;Prueba Carga Horas  registradas (GET);404;Not Found;Consulta de Hora Por ID 1-263;text;false;;306;155;2;2;http://localhost:5000/record/getHora/?id=6625b42978ccd1c959709ffc;74;0;1
1,71978E+12;76;Prueba Carga Horas  registradas (GET);200;OK;Consulta de Hora Por ID 1-264;text;true;;483;155;2;2;http://localhost:5000/record/getHora/?id=6625bffc145a7c4bf9360bbf;76;0;1
1,71978E+12;76;Prueba Carga Horas  registradas (GET);200;OK;Consulta de Hora Por ID 1-265;text;true;;485;155;2;2;http://localhost:5000/record/getHora/?id=6625d9a32c2950f1cb827f98;76;0;1
1,71978E+12;76;Prueba Carga Horas  registradas (GET);404;Not Found;Consulta de Hora Por ID 1-266;text;false;;306;155;1;1;http://localhost:5000/record/getHora/?id=6625b41278ccd1c959709ff6;76;0;0
1,71978E+12;68;Prueba Carga Horas  registradas (GET);404;Not Found;Consulta de Hora Por ID 1-267;text;false;;306;155;3;3;http://localhost:5000/record/getHora/?id=6625b41c78ccd1c959709ff9;68;0;1
1,71978E+12;68;Prueba Carga Horas  registradas (GET);404;Not Found;Consulta de Hora Por ID 1-268;text;false;;306;155;2;2;http://localhost:5000/record/getHora/?id=6625b42978ccd1c959709ffc;68;0;1
1,71978E+12;74;Prueba Carga Horas  registradas (GET);200;OK;Consulta de Hora Por ID 1-269;text;true;;483;155;2;2;http://localhost:5000/record/getHora/?id=6625bffc145a7c4bf9360bbf;74;0;1
1,71978E+12;75;Prueba Carga Horas  registradas (GET);200;OK;Consulta de Hora Por ID 1-270;text;true;;485;155;2;2;http://localhost:5000/record/getHora/?id=6625d9a32c2950f1cb827f98;75;0;1
1,71978E+12;74;Prueba Carga Horas  registradas (GET);404;Not Found;Consulta de Hora Por ID 1-271;text;false;;306;155;2;2;http://localhost:5000/record/getHora/?id=6625b41278ccd1c959709ff6;74;0;1
1,71978E+12;75;Prueba Carga Horas  registradas (GET);404;Not Found;Consulta de Hora Por ID 1-272;text;false;;306;155;1;1;http://localhost:5000/record/getHora/?id=6625b41c78ccd1c959709ff9;75;0;1
1,71978E+12;71;Prueba Carga Horas  registradas (GET);404;Not Found;Consulta de Hora Por ID 1-273;text;false;;306;155;3;3;http://localhost:5000/record/getHora/?id=6625b42978ccd1c959709ffc;71;0;1
1,71978E+12;67;Prueba Carga Horas  registradas (GET);200;OK;Consulta de Hora Por ID 1-274;text;true;;483;155;2;2;http://localhost:5000/record/getHora/?id=6625bffc145a7c4bf9360bbf;67;0;1
1,71978E+12;76;Prueba Carga Horas  registradas (GET);200;OK;Consulta de Hora Por ID 1-275;text;true;;485;155;2;2;http://localhost:5000/record/getHora/?id=6625d9a32c2950f1cb827f98;76;0;1
1,71978E+12;103;Prueba Carga Horas  registradas (GET);404;Not Found;Consulta de Hora Por ID 1-276;text;false;;306;155;2;2;http://localhost:5000/record/getHora/?id=6625b41278ccd1c959709ff6;103;0;1
1,71978E+12;77;Prueba Carga Horas  registradas (GET);404;Not Found;Consulta de Hora Por ID 1-277;text;false;;306;155;1;1;http://localhost:5000/record/getHora/?id=6625b41c78ccd1c959709ff9;77;0;1
1,71978E+12;73;Prueba Carga Horas  registradas (GET);404;Not Found;Consulta de Hora Por ID 1-278;text;false;;306;155;3;3;http://localhost:5000/record/getHora/?id=6625b42978ccd1c959709ffc;73;0;1
1,71978E+12;68;Prueba Carga Horas  registradas (GET);200;OK;Consulta de Hora Por ID 1-279;text;true;;483;155;2;2;http://localhost:5000/record/getHora/?id=6625bffc145a7c4bf9360bbf;68;0;1
1,71978E+12;77;Prueba Carga Horas  registradas (GET);200;OK;Consulta de Hora Por ID 1-280;text;true;;485;155;1;1;http://localhost:5000/record/getHora/?id=6625d9a32c2950f1cb827f98;77;0;1
1,71978E+12;71;Prueba Carga Horas  registradas (GET);404;Not Found;Consulta de Hora Por ID 1-281;text;false;;306;155;3;3;http://localhost:5000/record/getHora/?id=6625b41278ccd1c959709ff6;71;0;1
1,71978E+12;72;Prueba Carga Horas  registradas (GET);404;Not Found;Consulta de Hora Por ID 1-282;text;false;;306;155;3;3;http://localhost:5000/record/getHora/?id=6625b41c78ccd1c959709ff9;72;0;1
1,71978E+12;67;Prueba Carga Horas  registradas (GET);404;Not Found;Consulta de Hora Por ID 1-283;text;false;;306;155;2;2;http://localhost:5000/record/getHora/?id=6625b42978ccd1c959709ffc;67;0;1
1,71978E+12;76;Prueba Carga Horas  registradas (GET);200;OK;Consulta de Hora Por ID 1-284;text;true;;483;155;2;2;http://localhost:5000/record/getHora/?id=6625bffc145a7c4bf9360bbf;76;0;1
1,71978E+12;77;Prueba Carga Horas  registradas (GET);200;OK;Consulta de Hora Por ID 1-285;text;true;;485;155;1;1;http://localhost:5000/record/getHora/?id=6625d9a32c2950f1cb827f98;77;0;1
1,71978E+12;71;Prueba Carga Horas  registradas (GET);404;Not Found;Consulta de Hora Por ID 1-286;text;false;;306;155;3;3;http://localhost:5000/record/getHora/?id=6625b41278ccd1c959709ff6;71;0;1
1,71978E+12;67;Prueba Carga Horas  registradas (GET);404;Not Found;Consulta de Hora Por ID 1-287;text;false;;306;155;2;2;http://localhost:5000/record/getHora/?id=6625b41c78ccd1c959709ff9;67;0;1
1,71978E+12;77;Prueba Carga Horas  registradas (GET);404;Not Found;Consulta de Hora Por ID 1-288;text;false;;306;155;1;1;http://localhost:5000/record/getHora/?id=6625b42978ccd1c959709ffc;77;0;1
1,71978E+12;73;Prueba Carga Horas  registradas (GET);200;OK;Consulta de Hora Por ID 1-289;text;true;;483;155;3;3;http://localhost:5000/record/getHora/?id=6625bffc145a7c4bf9360bbf;73;0;1
1,71978E+12;67;Prueba Carga Horas  registradas (GET);200;OK;Consulta de Hora Por ID 1-290;text;true;;485;155;2;2;http://localhost:5000/record/getHora/?id=6625d9a32c2950f1cb827f98;67;0;1
1,71978E+12;73;Prueba Carga Horas  registradas (GET);404;Not Found;Consulta de Hora Por ID 1-291;text;false;;306;155;1;1;http://localhost:5000/record/getHora/?id=6625b41278ccd1c959709ff6;73;0;1
1,71978E+12;65;Prueba Carga Horas  registradas (GET);404;Not Found;Consulta de Hora Por ID 1-293;text;false;;306;155;3;3;http://localhost:5000/record/getHora/?id=6625b42978ccd1c959709ffc;65;0;1
1,71978E+12;72;Prueba Carga Horas  registradas (GET);404;Not Found;Consulta de Hora Por ID 1-292;text;false;;306;155;3;3;http://localhost:5000/record/getHora/?id=6625b41c78ccd1c959709ff9;72;0;1
1,71978E+12;69;Prueba Carga Horas  registradas (GET);200;OK;Consulta de Hora Por ID 1-294;text;true;;483;155;2;2;http://localhost:5000/record/getHora/?id=6625bffc145a7c4bf9360bbf;69;0;1
1,71978E+12;74;Prueba Carga Horas  registradas (GET);200;OK;Consulta de Hora Por ID 1-295;text;true;;485;155;2;2;http://localhost:5000/record/getHora/?id=6625d9a32c2950f1cb827f98;74;0;1
1,71978E+12;74;Prueba Carga Horas  registradas (GET);404;Not Found;Consulta de Hora Por ID 1-296;text;false;;306;155;2;2;http://localhost:5000/record/getHora/?id=6625b41278ccd1c959709ff6;74;0;1
1,71978E+12;76;Prueba Carga Horas  registradas (GET);404;Not Found;Consulta de Hora Por ID 1-297;text;false;;306;155;1;1;http://localhost:5000/record/getHora/?id=6625b41c78ccd1c959709ff9;76;0;1
1,71978E+12;73;Prueba Carga Horas  registradas (GET);404;Not Found;Consulta de Hora Por ID 1-298;text;false;;306;155;3;3;http://localhost:5000/record/getHora/?id=6625b42978ccd1c959709ffc;73;0;1
1,71978E+12;66;Prueba Carga Horas  registradas (GET);200;OK;Consulta de Hora Por ID 1-299;text;true;;483;155;2;2;http://localhost:5000/record/getHora/?id=6625bffc145a7c4bf9360bbf;66;0;1
1,71978E+12;73;Prueba Carga Horas  registradas (GET);200;OK;Consulta de Hora Por ID 1-300;text;true;;485;155;2;2;http://localhost:5000/record/getHora/?id=6625d9a32c2950f1cb827f98;73;0;1
1,71978E+12;73;Prueba Carga Horas  registradas (GET);404;Not Found;Consulta de Hora Por ID 1-301;text;false;;306;155;1;1;http://localhost:5000/record/getHora/?id=6625b41278ccd1c959709ff6;73;0;1
1,71978E+12;74;Prueba Carga Horas  registradas (GET);404;Not Found;Consulta de Hora Por ID 1-302;text;false;;306;155;3;3;http://localhost:5000/record/getHora/?id=6625b41c78ccd1c959709ff9;74;0;1
1,71978E+12;68;Prueba Carga Horas  registradas (GET);404;Not Found;Consulta de Hora Por ID 1-303;text;false;;306;155;2;2;http://localhost:5000/record/getHora/?id=6625b42978ccd1c959709ffc;68;0;1
1,71978E+12;76;Prueba Carga Horas  registradas (GET);200;OK;Consulta de Hora Por ID 1-304;text;true;;483;155;2;2;http://localhost:5000/record/getHora/?id=6625bffc145a7c4bf9360bbf;76;0;1
1,71978E+12;76;Prueba Carga Horas  registradas (GET);200;OK;Consulta de Hora Por ID 1-305;text;true;;485;155;1;1;http://localhost:5000/record/getHora/?id=6625d9a32c2950f1cb827f98;76;0;1
1,71978E+12;72;Prueba Carga Horas  registradas (GET);404;Not Found;Consulta de Hora Por ID 1-306;text;false;;306;155;3;3;http://localhost:5000/record/getHora/?id=6625b41278ccd1c959709ff6;72;0;1
1,71978E+12;74;Prueba Carga Horas  registradas (GET);404;Not Found;Consulta de Hora Por ID 1-307;text;false;;306;155;3;3;http://localhost:5000/record/getHora/?id=6625b41c78ccd1c959709ff9;74;0;1
1,71978E+12;66;Prueba Carga Horas  registradas (GET);404;Not Found;Consulta de Hora Por ID 1-308;text;false;;306;155;2;2;http://localhost:5000/record/getHora/?id=6625b42978ccd1c959709ffc;66;0;1
1,71978E+12;75;Prueba Carga Horas  registradas (GET);200;OK;Consulta de Hora Por ID 1-309;text;true;;483;155;1;1;http://localhost:5000/record/getHora/?id=6625bffc145a7c4bf9360bbf;75;0;1
1,71978E+12;76;Prueba Carga Horas  registradas (GET);200;OK;Consulta de Hora Por ID 1-310;text;true;;485;155;3;3;http://localhost:5000/record/getHora/?id=6625d9a32c2950f1cb827f98;76;0;1
1,71978E+12;67;Prueba Carga Horas  registradas (GET);404;Not Found;Consulta de Hora Por ID 1-311;text;false;;306;155;2;2;http://localhost:5000/record/getHora/?id=6625b41278ccd1c959709ff6;67;0;0
1,71978E+12;75;Prueba Carga Horas  registradas (GET);404;Not Found;Consulta de Hora Por ID 1-312;text;false;;306;155;1;1;http://localhost:5000/record/getHora/?id=6625b41c78ccd1c959709ff9;75;0;1
1,71978E+12;74;Prueba Carga Horas  registradas (GET);404;Not Found;Consulta de Hora Por ID 1-313;text;false;;306;155;3;3;http://localhost:5000/record/getHora/?id=6625b42978ccd1c959709ffc;74;0;1
1,71978E+12;66;Prueba Carga Horas  registradas (GET);200;OK;Consulta de Hora Por ID 1-314;text;true;;483;155;2;2;http://localhost:5000/record/getHora/?id=6625bffc145a7c4bf9360bbf;66;0;1
1,71978E+12;75;Prueba Carga Horas  registradas (GET);200;OK;Consulta de Hora Por ID 1-315;text;true;;485;155;2;2;http://localhost:5000/record/getHora/?id=6625d9a32c2950f1cb827f98;75;0;1
1,71978E+12;74;Prueba Carga Horas  registradas (GET);404;Not Found;Consulta de Hora Por ID 1-316;text;false;;306;155;1;1;http://localhost:5000/record/getHora/?id=6625b41278ccd1c959709ff6;74;0;5
1,71978E+12;67;Prueba Carga Horas  registradas (GET);404;Not Found;Consulta de Hora Por ID 1-317;text;false;;306;155;2;2;http://localhost:5000/record/getHora/?id=6625b41c78ccd1c959709ff9;67;0;1
1,71978E+12;74;Prueba Carga Horas  registradas (GET);404;Not Found;Consulta de Hora Por ID 1-318;text;false;;306;155;1;1;http://localhost:5000/record/getHora/?id=6625b42978ccd1c959709ffc;74;0;1
1,71978E+12;77;Prueba Carga Horas  registradas (GET);200;OK;Consulta de Hora Por ID 1-319;text;true;;483;155;3;3;http://localhost:5000/record/getHora/?id=6625bffc145a7c4bf9360bbf;77;0;1
1,71978E+12;65;Prueba Carga Horas  registradas (GET);200;OK;Consulta de Hora Por ID 1-320;text;true;;485;155;2;2;http://localhost:5000/record/getHora/?id=6625d9a32c2950f1cb827f98;65;0;1
1,71978E+12;73;Prueba Carga Horas  registradas (GET);404;Not Found;Consulta de Hora Por ID 1-321;text;false;;306;155;2;2;http://localhost:5000/record/getHora/?id=6625b41278ccd1c959709ff6;73;0;1
1,71978E+12;75;Prueba Carga Horas  registradas (GET);404;Not Found;Consulta de Hora Por ID 1-322;text;false;;306;155;2;2;http://localhost:5000/record/getHora/?id=6625b41c78ccd1c959709ff9;75;0;0
1,71978E+12;76;Prueba Carga Horas  registradas (GET);404;Not Found;Consulta de Hora Por ID 1-323;text;false;;306;155;2;2;http://localhost:5000/record/getHora/?id=6625b42978ccd1c959709ffc;76;0;1
1,71978E+12;74;Prueba Carga Horas  registradas (GET);200;OK;Consulta de Hora Por ID 1-324;text;true;;483;155;2;2;http://localhost:5000/record/getHora/?id=6625bffc145a7c4bf9360bbf;74;0;1
1,71978E+12;75;Prueba Carga Horas  registradas (GET);200;OK;Consulta de Hora Por ID 1-325;text;true;;485;155;2;2;http://localhost:5000/record/getHora/?id=6625d9a32c2950f1cb827f98;75;0;1
1,71978E+12;73;Prueba Carga Horas  registradas (GET);404;Not Found;Consulta de Hora Por ID 1-326;text;false;;306;155;2;2;http://localhost:5000/record/getHora/?id=6625b41278ccd1c959709ff6;73;0;0
1,71978E+12;75;Prueba Carga Horas  registradas (GET);404;Not Found;Consulta de Hora Por ID 1-327;text;false;;306;155;2;2;http://localhost:5000/record/getHora/?id=6625b41c78ccd1c959709ff9;75;0;1
1,71978E+12;73;Prueba Carga Horas  registradas (GET);404;Not Found;Consulta de Hora Por ID 1-328;text;false;;306;155;1;1;http://localhost:5000/record/getHora/?id=6625b42978ccd1c959709ffc;73;0;1
1,71978E+12;76;Prueba Carga Horas  registradas (GET);200;OK;Consulta de Hora Por ID 1-329;text;true;;483;155;3;3;http://localhost:5000/record/getHora/?id=6625bffc145a7c4bf9360bbf;76;0;1
1,71978E+12;67;Prueba Carga Horas  registradas (GET);200;OK;Consulta de Hora Por ID 1-330;text;true;;485;155;2;2;http://localhost:5000/record/getHora/?id=6625d9a32c2950f1cb827f98;67;0;1
1,71978E+12;72;Prueba Carga Horas  registradas (GET);404;Not Found;Consulta de Hora Por ID 1-331;text;false;;306;155;2;2;http://localhost:5000/record/getHora/?id=6625b41278ccd1c959709ff6;72;0;1
1,71978E+12;74;Prueba Carga Horas  registradas (GET);404;Not Found;Consulta de Hora Por ID 1-332;text;false;;306;155;1;1;http://localhost:5000/record/getHora/?id=6625b41c78ccd1c959709ff9;74;0;0
1,71978E+12;75;Prueba Carga Horas  registradas (GET);404;Not Found;Consulta de Hora Por ID 1-333;text;false;;306;155;3;3;http://localhost:5000/record/getHora/?id=6625b42978ccd1c959709ffc;75;0;1
1,71978E+12;66;Prueba Carga Horas  registradas (GET);200;OK;Consulta de Hora Por ID 1-334;text;true;;483;155;2;2;http://localhost:5000/record/getHora/?id=6625bffc145a7c4bf9360bbf;66;0;1
1,71978E+12;73;Prueba Carga Horas  registradas (GET);200;OK;Consulta de Hora Por ID 1-335;text;true;;485;155;2;2;http://localhost:5000/record/getHora/?id=6625d9a32c2950f1cb827f98;73;0;1
1,71978E+12;72;Prueba Carga Horas  registradas (GET);404;Not Found;Consulta de Hora Por ID 1-336;text;false;;306;155;2;2;http://localhost:5000/record/getHora/?id=6625b41278ccd1c959709ff6;72;0;1
1,71978E+12;74;Prueba Carga Horas  registradas (GET);404;Not Found;Consulta de Hora Por ID 1-337;text;false;;306;155;2;2;http://localhost:5000/record/getHora/?id=6625b41c78ccd1c959709ff9;74;0;1
1,71978E+12;73;Prueba Carga Horas  registradas (GET);404;Not Found;Consulta de Hora Por ID 1-338;text;false;;306;155;2;2;http://localhost:5000/record/getHora/?id=6625b42978ccd1c959709ffc;73;0;1
1,71978E+12;72;Prueba Carga Horas  registradas (GET);200;OK;Consulta de Hora Por ID 1-339;text;true;;483;155;1;1;http://localhost:5000/record/getHora/?id=6625bffc145a7c4bf9360bbf;72;0;1
1,71978E+12;71;Prueba Carga Horas  registradas (GET);200;OK;Consulta de Hora Por ID 1-340;text;true;;485;155;2;2;http://localhost:5000/record/getHora/?id=6625d9a32c2950f1cb827f98;71;0;1
1,71978E+12;76;Prueba Carga Horas  registradas (GET);404;Not Found;Consulta de Hora Por ID 1-341;text;false;;306;155;2;2;http://localhost:5000/record/getHora/?id=6625b41278ccd1c959709ff6;76;0;1
1,71978E+12;68;Prueba Carga Horas  registradas (GET);404;Not Found;Consulta de Hora Por ID 1-342;text;false;;306;155;2;2;http://localhost:5000/record/getHora/?id=6625b41c78ccd1c959709ff9;68;0;1
1,71978E+12;70;Prueba Carga Horas  registradas (GET);404;Not Found;Consulta de Hora Por ID 1-343;text;false;;306;155;2;2;http://localhost:5000/record/getHora/?id=6625b42978ccd1c959709ffc;70;0;1
1,71978E+12;77;Prueba Carga Horas  registradas (GET);200;OK;Consulta de Hora Por ID 1-344;text;true;;483;155;1;1;http://localhost:5000/record/getHora/?id=6625bffc145a7c4bf9360bbf;77;0;1
1,71978E+12;69;Prueba Carga Horas  registradas (GET);200;OK;Consulta de Hora Por ID 1-345;text;true;;485;155;2;2;http://localhost:5000/record/getHora/?id=6625d9a32c2950f1cb827f98;69;0;1
1,71978E+12;73;Prueba Carga Horas  registradas (GET);404;Not Found;Consulta de Hora Por ID 1-346;text;false;;306;155;1;1;http://localhost:5000/record/getHora/?id=6625b41278ccd1c959709ff6;73;0;1
1,71978E+12;70;Prueba Carga Horas  registradas (GET);404;Not Found;Consulta de Hora Por ID 1-347;text;false;;306;155;2;2;http://localhost:5000/record/getHora/?id=6625b41c78ccd1c959709ff9;70;0;1
1,71978E+12;73;Prueba Carga Horas  registradas (GET);404;Not Found;Consulta de Hora Por ID 1-348;text;false;;306;155;1;1;http://localhost:5000/record/getHora/?id=6625b42978ccd1c959709ffc;73;0;1
1,71978E+12;71;Prueba Carga Horas  registradas (GET);200;OK;Consulta de Hora Por ID 1-349;text;true;;483;155;2;2;http://localhost:5000/record/getHora/?id=6625bffc145a7c4bf9360bbf;71;0;1
1,71978E+12;71;Prueba Carga Horas  registradas (GET);200;OK;Consulta de Hora Por ID 1-350;text;true;;485;155;2;2;http://localhost:5000/record/getHora/?id=6625d9a32c2950f1cb827f98;71;0;1
1,71978E+12;67;Prueba Carga Horas  registradas (GET);404;Not Found;Consulta de Hora Por ID 1-351;text;false;;306;155;2;2;http://localhost:5000/record/getHora/?id=6625b41278ccd1c959709ff6;67;0;1
1,71978E+12;69;Prueba Carga Horas  registradas (GET);404;Not Found;Consulta de Hora Por ID 1-352;text;false;;306;155;2;2;http://localhost:5000/record/getHora/?id=6625b41c78ccd1c959709ff9;69;0;1
1,71978E+12;70;Prueba Carga Horas  registradas (GET);404;Not Found;Consulta de Hora Por ID 1-353;text;false;;306;155;2;2;http://localhost:5000/record/getHora/?id=6625b42978ccd1c959709ffc;70;0;1
1,71978E+12;73;Prueba Carga Horas  registradas (GET);200;OK;Consulta de Hora Por ID 1-354;text;true;;483;155;1;1;http://localhost:5000/record/getHora/?id=6625bffc145a7c4bf9360bbf;73;0;1
1,71978E+12;68;Prueba Carga Horas  registradas (GET);200;OK;Consulta de Hora Por ID 1-355;text;true;;485;155;2;2;http://localhost:5000/record/getHora/?id=6625d9a32c2950f1cb827f98;68;0;0
1,71978E+12;69;Prueba Carga Horas  registradas (GET);404;Not Found;Consulta de Hora Por ID 1-356;text;false;;306;155;2;2;http://localhost:5000/record/getHora/?id=6625b41278ccd1c959709ff6;69;0;1
1,71978E+12;74;Prueba Carga Horas  registradas (GET);404;Not Found;Consulta de Hora Por ID 1-357;text;false;;306;155;2;2;http://localhost:5000/record/getHora/?id=6625b41c78ccd1c959709ff9;74;0;1
1,71978E+12;71;Prueba Carga Horas  registradas (GET);404;Not Found;Consulta de Hora Por ID 1-358;text;false;;306;155;2;2;http://localhost:5000/record/getHora/?id=6625b42978ccd1c959709ffc;71;0;1
1,71978E+12;69;Prueba Carga Horas  registradas (GET);200;OK;Consulta de Hora Por ID 1-359;text;true;;483;155;1;1;http://localhost:5000/record/getHora/?id=6625bffc145a7c4bf9360bbf;69;0;1
1,71978E+12;77;Prueba Carga Horas  registradas (GET);200;OK;Consulta de Hora Por ID 1-360;text;true;;485;155;2;2;http://localhost:5000/record/getHora/?id=6625d9a32c2950f1cb827f98;77;0;1
1,71978E+12;72;Prueba Carga Horas  registradas (GET);404;Not Found;Consulta de Hora Por ID 1-361;text;false;;306;155;1;1;http://localhost:5000/record/getHora/?id=6625b41278ccd1c959709ff6;72;0;1
1,71978E+12;71;Prueba Carga Horas  registradas (GET);404;Not Found;Consulta de Hora Por ID 1-362;text;false;;306;155;2;2;http://localhost:5000/record/getHora/?id=6625b41c78ccd1c959709ff9;71;0;1
1,71978E+12;72;Prueba Carga Horas  registradas (GET);404;Not Found;Consulta de Hora Por ID 1-363;text;false;;306;155;2;2;http://localhost:5000/record/getHora/?id=6625b42978ccd1c959709ffc;72;0;1
1,71978E+12;72;Prueba Carga Horas  registradas (GET);200;OK;Consulta de Hora Por ID 1-364;text;true;;483;155;2;2;http://localhost:5000/record/getHora/?id=6625bffc145a7c4bf9360bbf;72;0;1
1,71978E+12;75;Prueba Carga Horas  registradas (GET);200;OK;Consulta de Hora Por ID 1-365;text;true;;485;155;1;1;http://localhost:5000/record/getHora/?id=6625d9a32c2950f1cb827f98;75;0;1
1,71978E+12;71;Prueba Carga Horas  registradas (GET);404;Not Found;Consulta de Hora Por ID 1-366;text;false;;306;155;2;2;http://localhost:5000/record/getHora/?id=6625b41278ccd1c959709ff6;71;0;1
1,71978E+12;71;Prueba Carga Horas  registradas (GET);404;Not Found;Consulta de Hora Por ID 1-367;text;false;;306;155;2;2;http://localhost:5000/record/getHora/?id=6625b41c78ccd1c959709ff9;71;0;1
1,71978E+12;73;Prueba Carga Horas  registradas (GET);404;Not Found;Consulta de Hora Por ID 1-368;text;false;;306;155;2;2;http://localhost:5000/record/getHora/?id=6625b42978ccd1c959709ffc;73;0;1
1,71978E+12;73;Prueba Carga Horas  registradas (GET);200;OK;Consulta de Hora Por ID 1-369;text;true;;483;155;2;2;http://localhost:5000/record/getHora/?id=6625bffc145a7c4bf9360bbf;73;0;1
1,71978E+12;73;Prueba Carga Horas  registradas (GET);200;OK;Consulta de Hora Por ID 1-370;text;true;;485;155;2;2;http://localhost:5000/record/getHora/?id=6625d9a32c2950f1cb827f98;73;0;1
1,71978E+12;73;Prueba Carga Horas  registradas (GET);404;Not Found;Consulta de Hora Por ID 1-371;text;false;;306;155;2;2;http://localhost:5000/record/getHora/?id=6625b41278ccd1c959709ff6;73;0;1
1,71978E+12;74;Prueba Carga Horas  registradas (GET);404;Not Found;Consulta de Hora Por ID 1-372;text;false;;306;155;2;2;http://localhost:5000/record/getHora/?id=6625b41c78ccd1c959709ff9;74;0;1
1,71978E+12;74;Prueba Carga Horas  registradas (GET);404;Not Found;Consulta de Hora Por ID 1-373;text;false;;306;155;2;2;http://localhost:5000/record/getHora/?id=6625b42978ccd1c959709ffc;74;0;1
1,71978E+12;74;Prueba Carga Horas  registradas (GET);200;OK;Consulta de Hora Por ID 1-374;text;true;;483;155;2;2;http://localhost:5000/record/getHora/?id=6625bffc145a7c4bf9360bbf;74;0;1
1,71978E+12;73;Prueba Carga Horas  registradas (GET);200;OK;Consulta de Hora Por ID 1-375;text;true;;485;155;1;1;http://localhost:5000/record/getHora/?id=6625d9a32c2950f1cb827f98;73;0;1
1,71978E+12;71;Prueba Carga Horas  registradas (GET);404;Not Found;Consulta de Hora Por ID 1-376;text;false;;306;155;2;2;http://localhost:5000/record/getHora/?id=6625b41278ccd1c959709ff6;71;0;0
1,71978E+12;73;Prueba Carga Horas  registradas (GET);404;Not Found;Consulta de Hora Por ID 1-377;text;false;;306;155;2;2;http://localhost:5000/record/getHora/?id=6625b41c78ccd1c959709ff9;73;0;1
1,71978E+12;71;Prueba Carga Horas  registradas (GET);404;Not Found;Consulta de Hora Por ID 1-378;text;false;;306;155;1;1;http://localhost:5000/record/getHora/?id=6625b42978ccd1c959709ffc;71;0;1
1,71978E+12;75;Prueba Carga Horas  registradas (GET);200;OK;Consulta de Hora Por ID 1-379;text;true;;483;155;2;2;http://localhost:5000/record/getHora/?id=6625bffc145a7c4bf9360bbf;75;0;1
1,71978E+12;73;Prueba Carga Horas  registradas (GET);200;OK;Consulta de Hora Por ID 1-380;text;true;;485;155;2;2;http://localhost:5000/record/getHora/?id=6625d9a32c2950f1cb827f98;73;0;1
1,71978E+12;71;Prueba Carga Horas  registradas (GET);404;Not Found;Consulta de Hora Por ID 1-381;text;false;;306;155;2;2;http://localhost:5000/record/getHora/?id=6625b41278ccd1c959709ff6;71;0;1
1,71978E+12;73;Prueba Carga Horas  registradas (GET);404;Not Found;Consulta de Hora Por ID 1-382;text;false;;306;155;2;2;http://localhost:5000/record/getHora/?id=6625b41c78ccd1c959709ff9;73;0;1
1,71978E+12;73;Prueba Carga Horas  registradas (GET);404;Not Found;Consulta de Hora Por ID 1-383;text;false;;306;155;2;2;http://localhost:5000/record/getHora/?id=6625b42978ccd1c959709ffc;73;0;1
1,71978E+12;75;Prueba Carga Horas  registradas (GET);200;OK;Consulta de Hora Por ID 1-384;text;true;;483;155;2;2;http://localhost:5000/record/getHora/?id=6625bffc145a7c4bf9360bbf;75;0;1
1,71978E+12;73;Prueba Carga Horas  registradas (GET);200;OK;Consulta de Hora Por ID 1-385;text;true;;485;155;2;2;http://localhost:5000/record/getHora/?id=6625d9a32c2950f1cb827f98;73;0;1
1,71978E+12;71;Prueba Carga Horas  registradas (GET);404;Not Found;Consulta de Hora Por ID 1-386;text;false;;306;155;2;2;http://localhost:5000/record/getHora/?id=6625b41278ccd1c959709ff6;71;0;0
1,71978E+12;72;Prueba Carga Horas  registradas (GET);404;Not Found;Consulta de Hora Por ID 1-387;text;false;;306;155;2;2;http://localhost:5000/record/getHora/?id=6625b41c78ccd1c959709ff9;72;0;1
1,71978E+12;73;Prueba Carga Horas  registradas (GET);404;Not Found;Consulta de Hora Por ID 1-388;text;false;;306;155;2;2;http://localhost:5000/record/getHora/?id=6625b42978ccd1c959709ffc;73;0;1
1,71978E+12;72;Prueba Carga Horas  registradas (GET);200;OK;Consulta de Hora Por ID 1-389;text;true;;483;155;2;2;http://localhost:5000/record/getHora/?id=6625bffc145a7c4bf9360bbf;72;0;1
1,71978E+12;74;Prueba Carga Horas  registradas (GET);200;OK;Consulta de Hora Por ID 1-390;text;true;;485;155;2;2;http://localhost:5000/record/getHora/?id=6625d9a32c2950f1cb827f98;74;0;1
1,71978E+12;72;Prueba Carga Horas  registradas (GET);404;Not Found;Consulta de Hora Por ID 1-391;text;false;;306;155;2;2;http://localhost:5000/record/getHora/?id=6625b41278ccd1c959709ff6;72;0;0
1,71978E+12;73;Prueba Carga Horas  registradas (GET);404;Not Found;Consulta de Hora Por ID 1-392;text;false;;306;155;2;2;http://localhost:5000/record/getHora/?id=6625b41c78ccd1c959709ff9;73;0;0
1,71978E+12;72;Prueba Carga Horas  registradas (GET);404;Not Found;Consulta de Hora Por ID 1-393;text;false;;306;155;2;2;http://localhost:5000/record/getHora/?id=6625b42978ccd1c959709ffc;72;0;1
1,71978E+12;72;Prueba Carga Horas  registradas (GET);200;OK;Consulta de Hora Por ID 1-394;text;true;;483;155;1;1;http://localhost:5000/record/getHora/?id=6625bffc145a7c4bf9360bbf;72;0;1
1,71978E+12;77;Prueba Carga Horas  registradas (GET);200;OK;Consulta de Hora Por ID 1-395;text;true;;485;155;2;2;http://localhost:5000/record/getHora/?id=6625d9a32c2950f1cb827f98;77;0;1
1,71978E+12;76;Prueba Carga Horas  registradas (GET);404;Not Found;Consulta de Hora Por ID 1-396;text;false;;306;155;2;2;http://localhost:5000/record/getHora/?id=6625b41278ccd1c959709ff6;76;0;0
1,71978E+12;74;Prueba Carga Horas  registradas (GET);404;Not Found;Consulta de Hora Por ID 1-397;text;false;;306;155;1;1;http://localhost:5000/record/getHora/?id=6625b41c78ccd1c959709ff9;74;0;1
1,71978E+12;77;Prueba Carga Horas  registradas (GET);404;Not Found;Consulta de Hora Por ID 1-398;text;false;;306;155;2;2;http://localhost:5000/record/getHora/?id=6625b42978ccd1c959709ffc;77;0;1
1,71978E+12;73;Prueba Carga Horas  registradas (GET);200;OK;Consulta de Hora Por ID 1-399;text;true;;483;155;1;1;http://localhost:5000/record/getHora/?id=6625bffc145a7c4bf9360bbf;73;0;1
1,71978E+12;67;Prueba Carga Horas  registradas (GET);200;OK;Consulta de Hora Por ID 1-400;text;true;;485;155;2;2;http://localhost:5000/record/getHora/?id=6625d9a32c2950f1cb827f98;67;0;1
1,71978E+12;68;Prueba Carga Horas  registradas (GET);404;Not Found;Consulta de Hora Por ID 1-401;text;false;;306;155;2;2;http://localhost:5000/record/getHora/?id=6625b41278ccd1c959709ff6;68;0;1
1,71978E+12;73;Prueba Carga Horas  registradas (GET);404;Not Found;Consulta de Hora Por ID 1-402;text;false;;306;155;1;1;http://localhost:5000/record/getHora/?id=6625b41c78ccd1c959709ff9;73;0;1
1,71978E+12;67;Prueba Carga Horas  registradas (GET);404;Not Found;Consulta de Hora Por ID 1-403;text;false;;306;155;2;2;http://localhost:5000/record/getHora/?id=6625b42978ccd1c959709ffc;67;0;1
1,71978E+12;73;Prueba Carga Horas  registradas (GET);200;OK;Consulta de Hora Por ID 1-404;text;true;;483;155;2;2;http://localhost:5000/record/getHora/?id=6625bffc145a7c4bf9360bbf;73;0;1
1,71978E+12;74;Prueba Carga Horas  registradas (GET);200;OK;Consulta de Hora Por ID 1-405;text;true;;485;155;1;1;http://localhost:5000/record/getHora/?id=6625d9a32c2950f1cb827f98;74;0;1
1,71978E+12;67;Prueba Carga Horas  registradas (GET);404;Not Found;Consulta de Hora Por ID 1-406;text;false;;306;155;2;2;http://localhost:5000/record/getHora/?id=6625b41278ccd1c959709ff6;67;0;1
1,71978E+12;62;Prueba Carga Horas  registradas (GET);404;Not Found;Consulta de Hora Por ID 1-407;text;false;;306;155;2;2;http://localhost:5000/record/getHora/?id=6625b41c78ccd1c959709ff9;62;0;1
1,71978E+12;73;Prueba Carga Horas  registradas (GET);404;Not Found;Consulta de Hora Por ID 1-408;text;false;;306;155;2;2;http://localhost:5000/record/getHora/?id=6625b42978ccd1c959709ffc;73;0;1
1,71978E+12;83;Prueba Carga Horas  registradas (GET);200;OK;Consulta de Hora Por ID 1-409;text;true;;483;155;2;2;http://localhost:5000/record/getHora/?id=6625bffc145a7c4bf9360bbf;83;0;1
1,71978E+12;72;Prueba Carga Horas  registradas (GET);200;OK;Consulta de Hora Por ID 1-410;text;true;;485;155;2;2;http://localhost:5000/record/getHora/?id=6625d9a32c2950f1cb827f98;72;0;1
1,71978E+12;72;Prueba Carga Horas  registradas (GET);404;Not Found;Consulta de Hora Por ID 1-411;text;false;;306;155;2;2;http://localhost:5000/record/getHora/?id=6625b41278ccd1c959709ff6;72;0;1
1,71978E+12;73;Prueba Carga Horas  registradas (GET);404;Not Found;Consulta de Hora Por ID 1-412;text;false;;306;155;2;2;http://localhost:5000/record/getHora/?id=6625b41c78ccd1c959709ff9;73;0;1
1,71978E+12;71;Prueba Carga Horas  registradas (GET);404;Not Found;Consulta de Hora Por ID 1-413;text;false;;306;155;2;2;http://localhost:5000/record/getHora/?id=6625b42978ccd1c959709ffc;71;0;1
1,71978E+12;72;Prueba Carga Horas  registradas (GET);200;OK;Consulta de Hora Por ID 1-414;text;true;;483;155;2;2;http://localhost:5000/record/getHora/?id=6625bffc145a7c4bf9360bbf;72;0;1
1,71978E+12;75;Prueba Carga Horas  registradas (GET);200;OK;Consulta de Hora Por ID 1-415;text;true;;485;155;2;2;http://localhost:5000/record/getHora/?id=6625d9a32c2950f1cb827f98;75;0;1
1,71978E+12;71;Prueba Carga Horas  registradas (GET);404;Not Found;Consulta de Hora Por ID 1-416;text;false;;306;155;2;2;http://localhost:5000/record/getHora/?id=6625b41278ccd1c959709ff6;71;0;1
1,71978E+12;72;Prueba Carga Horas  registradas (GET);404;Not Found;Consulta de Hora Por ID 1-417;text;false;;306;155;2;2;http://localhost:5000/record/getHora/?id=6625b41c78ccd1c959709ff9;72;0;1
1,71978E+12;73;Prueba Carga Horas  registradas (GET);404;Not Found;Consulta de Hora Por ID 1-418;text;false;;306;155;2;2;http://localhost:5000/record/getHora/?id=6625b42978ccd1c959709ffc;73;0;1
1,71978E+12;72;Prueba Carga Horas  registradas (GET);200;OK;Consulta de Hora Por ID 1-419;text;true;;483;155;2;2;http://localhost:5000/record/getHora/?id=6625bffc145a7c4bf9360bbf;72;0;1
1,71978E+12;72;Prueba Carga Horas  registradas (GET);200;OK;Consulta de Hora Por ID 1-420;text;true;;485;155;2;2;http://localhost:5000/record/getHora/?id=6625d9a32c2950f1cb827f98;72;0;1
1,71978E+12;71;Prueba Carga Horas  registradas (GET);404;Not Found;Consulta de Hora Por ID 1-421;text;false;;306;155;2;2;http://localhost:5000/record/getHora/?id=6625b41278ccd1c959709ff6;71;0;1
1,71978E+12;73;Prueba Carga Horas  registradas (GET);404;Not Found;Consulta de Hora Por ID 1-422;text;false;;306;155;2;2;http://localhost:5000/record/getHora/?id=6625b41c78ccd1c959709ff9;73;0;1
1,71978E+12;72;Prueba Carga Horas  registradas (GET);404;Not Found;Consulta de Hora Por ID 1-423;text;false;;306;155;2;2;http://localhost:5000/record/getHora/?id=6625b42978ccd1c959709ffc;72;0;1
1,71978E+12;74;Prueba Carga Horas  registradas (GET);200;OK;Consulta de Hora Por ID 1-424;text;true;;483;155;2;2;http://localhost:5000/record/getHora/?id=6625bffc145a7c4bf9360bbf;74;0;1
1,71978E+12;73;Prueba Carga Horas  registradas (GET);200;OK;Consulta de Hora Por ID 1-425;text;true;;485;155;2;2;http://localhost:5000/record/getHora/?id=6625d9a32c2950f1cb827f98;73;0;1
1,71978E+12;73;Prueba Carga Horas  registradas (GET);404;Not Found;Consulta de Hora Por ID 1-426;text;false;;306;155;1;1;http://localhost:5000/record/getHora/?id=6625b41278ccd1c959709ff6;73;0;1
1,71978E+12;70;Prueba Carga Horas  registradas (GET);404;Not Found;Consulta de Hora Por ID 1-427;text;false;;306;155;2;2;http://localhost:5000/record/getHora/?id=6625b41c78ccd1c959709ff9;70;0;1
1,71978E+12;73;Prueba Carga Horas  registradas (GET);404;Not Found;Consulta de Hora Por ID 1-428;text;false;;306;155;2;2;http://localhost:5000/record/getHora/?id=6625b42978ccd1c959709ffc;73;0;1
1,71978E+12;73;Prueba Carga Horas  registradas (GET);200;OK;Consulta de Hora Por ID 1-429;text;true;;483;155;2;2;http://localhost:5000/record/getHora/?id=6625bffc145a7c4bf9360bbf;73;0;1
1,71978E+12;73;Prueba Carga Horas  registradas (GET);200;OK;Consulta de Hora Por ID 1-430;text;true;;485;155;2;2;http://localhost:5000/record/getHora/?id=6625d9a32c2950f1cb827f98;73;0;1
1,71978E+12;72;Prueba Carga Horas  registradas (GET);404;Not Found;Consulta de Hora Por ID 1-431;text;false;;306;155;2;2;http://localhost:5000/record/getHora/?id=6625b41278ccd1c959709ff6;72;0;0
1,71978E+12;73;Prueba Carga Horas  registradas (GET);404;Not Found;Consulta de Hora Por ID 1-432;text;false;;306;155;2;2;http://localhost:5000/record/getHora/?id=6625b41c78ccd1c959709ff9;73;0;1
1,71978E+12;63;Prueba Carga Horas  registradas (GET);404;Not Found;Consulta de Hora Por ID 1-433;text;false;;306;155;2;2;http://localhost:5000/record/getHora/?id=6625b42978ccd1c959709ffc;63;0;1
1,71978E+12;73;Prueba Carga Horas  registradas (GET);200;OK;Consulta de Hora Por ID 1-434;text;true;;483;155;2;2;http://localhost:5000/record/getHora/?id=6625bffc145a7c4bf9360bbf;73;0;1
1,71978E+12;72;Prueba Carga Horas  registradas (GET);200;OK;Consulta de Hora Por ID 1-435;text;true;;485;155;2;2;http://localhost:5000/record/getHora/?id=6625d9a32c2950f1cb827f98;72;0;1
1,71978E+12;72;Prueba Carga Horas  registradas (GET);404;Not Found;Consulta de Hora Por ID 1-436;text;false;;306;155;2;2;http://localhost:5000/record/getHora/?id=6625b41278ccd1c959709ff6;72;0;0
1,71978E+12;72;Prueba Carga Horas  registradas (GET);404;Not Found;Consulta de Hora Por ID 1-437;text;false;;306;155;2;2;http://localhost:5000/record/getHora/?id=6625b41c78ccd1c959709ff9;72;0;1
1,71978E+12;72;Prueba Carga Horas  registradas (GET);404;Not Found;Consulta de Hora Por ID 1-438;text;false;;306;155;1;1;http://localhost:5000/record/getHora/?id=6625b42978ccd1c959709ffc;72;0;1
1,71978E+12;73;Prueba Carga Horas  registradas (GET);200;OK;Consulta de Hora Por ID 1-439;text;true;;483;155;2;2;http://localhost:5000/record/getHora/?id=6625bffc145a7c4bf9360bbf;73;0;1
1,71978E+12;72;Prueba Carga Horas  registradas (GET);200;OK;Consulta de Hora Por ID 1-440;text;true;;485;155;1;1;http://localhost:5000/record/getHora/?id=6625d9a32c2950f1cb827f98;72;0;1
1,71978E+12;72;Prueba Carga Horas  registradas (GET);404;Not Found;Consulta de Hora Por ID 1-441;text;false;;306;155;2;2;http://localhost:5000/record/getHora/?id=6625b41278ccd1c959709ff6;72;0;1
1,71978E+12;72;Prueba Carga Horas  registradas (GET);404;Not Found;Consulta de Hora Por ID 1-442;text;false;;306;155;2;2;http://localhost:5000/record/getHora/?id=6625b41c78ccd1c959709ff9;72;0;1
1,71978E+12;72;Prueba Carga Horas  registradas (GET);404;Not Found;Consulta de Hora Por ID 1-443;text;false;;306;155;1;1;http://localhost:5000/record/getHora/?id=6625b42978ccd1c959709ffc;72;0;1
1,71978E+12;79;Prueba Carga Horas  registradas (GET);200;OK;Consulta de Hora Por ID 1-444;text;true;;483;155;2;2;http://localhost:5000/record/getHora/?id=6625bffc145a7c4bf9360bbf;79;0;1
1,71978E+12;72;Prueba Carga Horas  registradas (GET);404;Not Found;Consulta de Hora Por ID 1-447;text;false;;306;155;3;3;http://localhost:5000/record/getHora/?id=6625b41c78ccd1c959709ff9;72;0;1
1,71978E+12;74;Prueba Carga Horas  registradas (GET);404;Not Found;Consulta de Hora Por ID 1-448;text;false;;306;155;4;4;http://localhost:5000/record/getHora/?id=6625b42978ccd1c959709ffc;74;0;1
1,71978E+12;74;Prueba Carga Horas  registradas (GET);200;OK;Consulta de Hora Por ID 1-449;text;true;;483;155;4;4;http://localhost:5000/record/getHora/?id=6625bffc145a7c4bf9360bbf;74;0;1
1,71978E+12;382;Prueba Carga Horas  registradas (GET);404;Not Found;Consulta de Hora Por ID 1-446;text;false;;306;155;5;5;http://localhost:5000/record/getHora/?id=6625b41278ccd1c959709ff6;382;0;1
1,71978E+12;72;Prueba Carga Horas  registradas (GET);404;Not Found;Consulta de Hora Por ID 1-452;text;false;;306;155;4;4;http://localhost:5000/record/getHora/?id=6625b41c78ccd1c959709ff9;72;0;1
1,71978E+12;76;Prueba Carga Horas  registradas (GET);404;Not Found;Consulta de Hora Por ID 1-453;text;false;;306;155;5;5;http://localhost:5000/record/getHora/?id=6625b42978ccd1c959709ffc;76;0;1
1,71978E+12;76;Prueba Carga Horas  registradas (GET);200;OK;Consulta de Hora Por ID 1-454;text;true;;483;155;5;5;http://localhost:5000/record/getHora/?id=6625bffc145a7c4bf9360bbf;76;0;1
1,71978E+12;72;Prueba Carga Horas  registradas (GET);200;OK;Consulta de Hora Por ID 1-455;text;true;;485;155;5;5;http://localhost:5000/record/getHora/?id=6625d9a32c2950f1cb827f98;72;0;1
1,71978E+12;405;Prueba Carga Horas  registradas (GET);200;OK;Consulta de Hora Por ID 1-450;text;true;;485;155;4;4;http://localhost:5000/record/getHora/?id=6625d9a32c2950f1cb827f98;405;0;1
1,71978E+12;722;Prueba Carga Horas  registradas (GET);200;OK;Consulta de Hora Por ID 1-445;text;true;;485;155;4;4;http://localhost:5000/record/getHora/?id=6625d9a32c2950f1cb827f98;722;0;1
1,71978E+12;62;Prueba Carga Horas  registradas (GET);404;Not Found;Consulta de Hora Por ID 1-456;text;false;;306;155;3;3;http://localhost:5000/record/getHora/?id=6625b41278ccd1c959709ff6;62;0;0
1,71978E+12;393;Prueba Carga Horas  registradas (GET);404;Not Found;Consulta de Hora Por ID 1-451;text;false;;306;155;3;3;http://localhost:5000/record/getHora/?id=6625b41278ccd1c959709ff6;393;0;0
1,71978E+12;63;Prueba Carga Horas  registradas (GET);404;Not Found;Consulta de Hora Por ID 1-457;text;false;;306;155;2;2;http://localhost:5000/record/getHora/?id=6625b41c78ccd1c959709ff9;63;0;1
1,71978E+12;71;Prueba Carga Horas  registradas (GET);404;Not Found;Consulta de Hora Por ID 1-458;text;false;;306;155;2;2;http://localhost:5000/record/getHora/?id=6625b42978ccd1c959709ffc;71;0;1
1,71978E+12;71;Prueba Carga Horas  registradas (GET);200;OK;Consulta de Hora Por ID 1-459;text;true;;483;155;2;2;http://localhost:5000/record/getHora/?id=6625bffc145a7c4bf9360bbf;71;0;1
1,71978E+12;72;Prueba Carga Horas  registradas (GET);200;OK;Consulta de Hora Por ID 1-460;text;true;;485;155;1;1;http://localhost:5000/record/getHora/?id=6625d9a32c2950f1cb827f98;72;0;1
1,71978E+12;74;Prueba Carga Horas  registradas (GET);404;Not Found;Consulta de Hora Por ID 1-461;text;false;;306;155;2;2;http://localhost:5000/record/getHora/?id=6625b41278ccd1c959709ff6;74;0;1
1,71978E+12;71;Prueba Carga Horas  registradas (GET);404;Not Found;Consulta de Hora Por ID 1-462;text;false;;306;155;1;1;http://localhost:5000/record/getHora/?id=6625b41c78ccd1c959709ff9;71;0;1
1,71978E+12;75;Prueba Carga Horas  registradas (GET);404;Not Found;Consulta de Hora Por ID 1-463;text;false;;306;155;2;2;http://localhost:5000/record/getHora/?id=6625b42978ccd1c959709ffc;75;0;1
1,71978E+12;76;Prueba Carga Horas  registradas (GET);200;OK;Consulta de Hora Por ID 1-464;text;true;;483;155;2;2;http://localhost:5000/record/getHora/?id=6625bffc145a7c4bf9360bbf;76;0;1
1,71978E+12;74;Prueba Carga Horas  registradas (GET);200;OK;Consulta de Hora Por ID 1-465;text;true;;485;155;2;2;http://localhost:5000/record/getHora/?id=6625d9a32c2950f1cb827f98;74;0;1
1,71978E+12;72;Prueba Carga Horas  registradas (GET);404;Not Found;Consulta de Hora Por ID 1-466;text;false;;306;155;2;2;http://localhost:5000/record/getHora/?id=6625b41278ccd1c959709ff6;72;0;0
1,71978E+12;74;Prueba Carga Horas  registradas (GET);404;Not Found;Consulta de Hora Por ID 1-467;text;false;;306;155;2;2;http://localhost:5000/record/getHora/?id=6625b41c78ccd1c959709ff9;74;0;1
1,71978E+12;71;Prueba Carga Horas  registradas (GET);404;Not Found;Consulta de Hora Por ID 1-468;text;false;;306;155;1;1;http://localhost:5000/record/getHora/?id=6625b42978ccd1c959709ffc;71;0;0
1,71978E+12;74;Prueba Carga Horas  registradas (GET);200;OK;Consulta de Hora Por ID 1-469;text;true;;483;155;2;2;http://localhost:5000/record/getHora/?id=6625bffc145a7c4bf9360bbf;74;0;1
1,71978E+12;71;Prueba Carga Horas  registradas (GET);200;OK;Consulta de Hora Por ID 1-470;text;true;;485;155;1;1;http://localhost:5000/record/getHora/?id=6625d9a32c2950f1cb827f98;71;0;1
1,71978E+12;74;Prueba Carga Horas  registradas (GET);404;Not Found;Consulta de Hora Por ID 1-471;text;false;;306;155;2;2;http://localhost:5000/record/getHora/?id=6625b41278ccd1c959709ff6;74;0;1
1,71978E+12;68;Prueba Carga Horas  registradas (GET);404;Not Found;Consulta de Hora Por ID 1-472;text;false;;306;155;2;2;http://localhost:5000/record/getHora/?id=6625b41c78ccd1c959709ff9;68;0;1
1,71978E+12;75;Prueba Carga Horas  registradas (GET);404;Not Found;Consulta de Hora Por ID 1-473;text;false;;306;155;2;2;http://localhost:5000/record/getHora/?id=6625b42978ccd1c959709ffc;75;0;1
1,71978E+12;76;Prueba Carga Horas  registradas (GET);200;OK;Consulta de Hora Por ID 1-474;text;true;;483;155;2;2;http://localhost:5000/record/getHora/?id=6625bffc145a7c4bf9360bbf;76;0;1
1,71978E+12;71;Prueba Carga Horas  registradas (GET);200;OK;Consulta de Hora Por ID 1-475;text;true;;485;155;1;1;http://localhost:5000/record/getHora/?id=6625d9a32c2950f1cb827f98;71;0;1
1,71978E+12;69;Prueba Carga Horas  registradas (GET);404;Not Found;Consulta de Hora Por ID 1-476;text;false;;306;155;2;2;http://localhost:5000/record/getHora/?id=6625b41278ccd1c959709ff6;69;0;1
1,71978E+12;72;Prueba Carga Horas  registradas (GET);404;Not Found;Consulta de Hora Por ID 1-477;text;false;;306;155;2;2;http://localhost:5000/record/getHora/?id=6625b41c78ccd1c959709ff9;72;0;2
1,71978E+12;81;Prueba Carga Horas  registradas (GET);404;Not Found;Consulta de Hora Por ID 1-478;text;false;;306;155;2;2;http://localhost:5000/record/getHora/?id=6625b42978ccd1c959709ffc;81;0;1
1,71978E+12;72;Prueba Carga Horas  registradas (GET);200;OK;Consulta de Hora Por ID 1-479;text;true;;483;155;2;2;http://localhost:5000/record/getHora/?id=6625bffc145a7c4bf9360bbf;72;0;1
1,71978E+12;73;Prueba Carga Horas  registradas (GET);200;OK;Consulta de Hora Por ID 1-480;text;true;;485;155;2;2;http://localhost:5000/record/getHora/?id=6625d9a32c2950f1cb827f98;73;0;1
1,71978E+12;70;Prueba Carga Horas  registradas (GET);404;Not Found;Consulta de Hora Por ID 1-481;text;false;;306;155;2;2;http://localhost:5000/record/getHora/?id=6625b41278ccd1c959709ff6;70;0;1
1,71978E+12;71;Prueba Carga Horas  registradas (GET);404;Not Found;Consulta de Hora Por ID 1-482;text;false;;306;155;2;2;http://localhost:5000/record/getHora/?id=6625b41c78ccd1c959709ff9;71;0;1
1,71978E+12;72;Prueba Carga Horas  registradas (GET);404;Not Found;Consulta de Hora Por ID 1-483;text;false;;306;155;2;2;http://localhost:5000/record/getHora/?id=6625b42978ccd1c959709ffc;72;0;1
1,71978E+12;73;Prueba Carga Horas  registradas (GET);200;OK;Consulta de Hora Por ID 1-484;text;true;;483;155;2;2;http://localhost:5000/record/getHora/?id=6625bffc145a7c4bf9360bbf;73;0;1
1,71978E+12;73;Prueba Carga Horas  registradas (GET);200;OK;Consulta de Hora Por ID 1-485;text;true;;485;155;2;2;http://localhost:5000/record/getHora/?id=6625d9a32c2950f1cb827f98;73;0;1
1,71978E+12;73;Prueba Carga Horas  registradas (GET);404;Not Found;Consulta de Hora Por ID 1-486;text;false;;306;155;2;2;http://localhost:5000/record/getHora/?id=6625b41278ccd1c959709ff6;73;0;0
1,71978E+12;75;Prueba Carga Horas  registradas (GET);404;Not Found;Consulta de Hora Por ID 1-487;text;false;;306;155;2;2;http://localhost:5000/record/getHora/?id=6625b41c78ccd1c959709ff9;75;0;1
1,71978E+12;78;Prueba Carga Horas  registradas (GET);404;Not Found;Consulta de Hora Por ID 1-488;text;false;;306;155;2;2;http://localhost:5000/record/getHora/?id=6625b42978ccd1c959709ffc;78;0;1
1,71978E+12;68;Prueba Carga Horas  registradas (GET);200;OK;Consulta de Hora Por ID 1-489;text;true;;483;155;2;2;http://localhost:5000/record/getHora/?id=6625bffc145a7c4bf9360bbf;68;0;1
1,71978E+12;71;Prueba Carga Horas  registradas (GET);200;OK;Consulta de Hora Por ID 1-490;text;true;;485;155;2;2;http://localhost:5000/record/getHora/?id=6625d9a32c2950f1cb827f98;71;0;1
1,71978E+12;70;Prueba Carga Horas  registradas (GET);404;Not Found;Consulta de Hora Por ID 1-491;text;false;;306;155;2;2;http://localhost:5000/record/getHora/?id=6625b41278ccd1c959709ff6;70;0;0
1,71978E+12;69;Prueba Carga Horas  registradas (GET);404;Not Found;Consulta de Hora Por ID 1-492;text;false;;306;155;2;2;http://localhost:5000/record/getHora/?id=6625b41c78ccd1c959709ff9;69;0;1
1,71978E+12;70;Prueba Carga Horas  registradas (GET);404;Not Found;Consulta de Hora Por ID 1-493;text;false;;306;155;2;2;http://localhost:5000/record/getHora/?id=6625b42978ccd1c959709ffc;70;0;1
1,71978E+12;70;Prueba Carga Horas  registradas (GET);200;OK;Consulta de Hora Por ID 1-494;text;true;;483;155;2;2;http://localhost:5000/record/getHora/?id=6625bffc145a7c4bf9360bbf;70;0;1
1,71978E+12;60;Prueba Carga Horas  registradas (GET);200;OK;Consulta de Hora Por ID 1-495;text;true;;485;155;2;2;http://localhost:5000/record/getHora/?id=6625d9a32c2950f1cb827f98;60;0;1
1,71978E+12;79;Prueba Carga Horas  registradas (GET);404;Not Found;Consulta de Hora Por ID 1-496;text;false;;306;155;2;2;http://localhost:5000/record/getHora/?id=6625b41278ccd1c959709ff6;79;0;1
1,71978E+12;69;Prueba Carga Horas  registradas (GET);404;Not Found;Consulta de Hora Por ID 1-497;text;false;;306;155;2;2;http://localhost:5000/record/getHora/?id=6625b41c78ccd1c959709ff9;69;0;1
1,71978E+12;69;Prueba Carga Horas  registradas (GET);404;Not Found;Consulta de Hora Por ID 1-498;text;false;;306;155;2;2;http://localhost:5000/record/getHora/?id=6625b42978ccd1c959709ffc;69;0;1
1,71978E+12;68;Prueba Carga Horas  registradas (GET);200;OK;Consulta de Hora Por ID 1-499;text;true;;483;155;2;2;http://localhost:5000/record/getHora/?id=6625bffc145a7c4bf9360bbf;68;0;0
1,71978E+12;60;Prueba Carga Horas  registradas (GET);200;OK;Consulta de Hora Por ID 1-500;text;true;;485;155;1;1;http://localhost:5000/record/getHora/?id=6625d9a32c2950f1cb827f98;60;0;1
